{
	"type" : "FeatureCollection",
	"name" : "DW_Booster_Reduction",
	"features" : [
		{
			"type" : "Feature",
			"geometry" : {
				"type" : "Point",
				"coordinates" : [ 150.8053987622, -33.8684514431 ]
			},
			"properties" : {
				"ServiceArea" : "11",
				"Stage" : "16",
				"PressureZone" : "Boost",
				"PressureZoneID" : "1",
				"Pump Z" : "56.825",
				"Power Kwh" : "0.1",
				"ConnectionType" : "Boost Trunk",
				"Pump kW" : "0.1",
				"Pump Cost" : "5820303"
			}
		},
		{
			"type" : "Feature",
			"geometry" : {
				"type" : "Point",
				"coordinates" : [ 150.703062138, -33.8554956734 ]
			},
			"properties" : {
				"ServiceArea" : "11",
				"Stage" : "1",
				"PressureZone" : "Boost",
				"PressureZoneID" : "0",
				"Pump Z" : "86.952",
				"Power Kwh" : "16.6",
				"ConnectionType" : "Boost Trunk",
				"Pump kW" : "16.6",
				"Pump Cost" : "6013064.7"
			}
		}
	]
}