{
	"type" : "FeatureCollection",
	"name" : "DW_Treatment",
	"features" : [
		{
			"type" : "Feature",
			"geometry" : {
				"type" : "Point",
				"coordinates" : [ 150.7126012951, -33.5878925285 ]
			},
			"properties" : {
				"PRIMARYINDEX" : 1,
				"Tile_name" : "2866280",
				"name" : "NORTH RICHMOND",
				"uan" : "WT0011"
			}
		},
		{
			"type" : "Feature",
			"geometry" : {
				"type" : "Point",
				"coordinates" : [ 150.303028527, -33.6914731076 ]
			},
			"properties" : {
				"PRIMARYINDEX" : 2,
				"Tile_name" : "2506268",
				"name" : "CASCADE",
				"uan" : "WT0041"
			}
		},
		{
			"type" : "Feature",
			"geometry" : {
				"type" : "Point",
				"coordinates" : [ 150.6121329925, -33.8743190982 ]
			},
			"properties" : {
				"PRIMARYINDEX" : 3,
				"Tile_name" : "2786248",
				"name" : "WARRAGAMBA CHLORINATION PLANT",
				"uan" : "WT0016"
			}
		},
		{
			"type" : "Feature",
			"geometry" : {
				"type" : "Point",
				"coordinates" : [ 150.5974969615, -33.8917728687 ]
			},
			"properties" : {
				"PRIMARYINDEX" : 4,
				"Tile_name" : "2766246",
				"name" : "WARRAGAMBA",
				"uan" : "WT0013"
			}
		},
		{
			"type" : "Feature",
			"geometry" : {
				"type" : "Point",
				"coordinates" : [ 150.6133050736, -34.3344287104 ]
			},
			"properties" : {
				"PRIMARYINDEX" : 5,
				"Tile_name" : "2806198",
				"name" : "NEPEAN",
				"uan" : "WT0008"
			}
		},
		{
			"type" : "Feature",
			"geometry" : {
				"type" : "Point",
				"coordinates" : [ 150.7071780309, -33.8021198632 ]
			},
			"properties" : {
				"PRIMARYINDEX" : 6,
				"Tile_name" : "2866256",
				"name" : "ORCHARD HILLS",
				"uan" : "WT0014"
			}
		},
		{
			"type" : "Feature",
			"geometry" : {
				"type" : "Point",
				"coordinates" : [ 150.884044806, -33.8328865903 ]
			},
			"properties" : {
				"PRIMARYINDEX" : 7,
				"Tile_name" : "3046254",
				"name" : "PROSPECT WATER FILTRATION PLANT",
				"uan" : "WT0015"
			}
		},
		{
			"type" : "Feature",
			"geometry" : {
				"type" : "Point",
				"coordinates" : [ 151.2058544431, -34.0219752345 ]
			},
			"properties" : {
				"PRIMARYINDEX" : 8,
				"Tile_name" : "3346232",
				"name" : "SYDNEY DESALINATION",
				"uan" : "WT0155"
			}
		},
		{
			"type" : "Feature",
			"geometry" : {
				"type" : "Point",
				"coordinates" : [ 150.9336310315, -34.1125415734 ]
			},
			"properties" : {
				"PRIMARYINDEX" : 9,
				"Tile_name" : "3086222",
				"name" : "WORONORA BOO",
				"uan" : "WT0048"
			}
		},
		{
			"type" : "Feature",
			"geometry" : {
				"type" : "Point",
				"coordinates" : [ 150.7723348281, -34.2193198112 ]
			},
			"properties" : {
				"PRIMARYINDEX" : 10,
				"Tile_name" : "2946210",
				"name" : "MACARTHUR BOO",
				"uan" : "WT0046"
			}
		},
		{
			"type" : "Feature",
			"geometry" : {
				"type" : "Point",
				"coordinates" : [ 150.8077475449, -34.4656777958 ]
			},
			"properties" : {
				"PRIMARYINDEX" : 11,
				"Tile_name" : "2986184",
				"name" : "ILLAWARRA BOO",
				"uan" : "WT0044"
			}
		}
	]
}