{
	"type" : "FeatureCollection",
	"name" : "DWTP_Chainage_Elevations",
	"features" : [
		{
			"type" : "Feature",
			"geometry" : {
				"type" : "LineString",
				"coordinates" : [
					[ 150.7060263346, -33.8578049918, 103.6138761442 ],
					[ 150.7066874437, -33.8583739488, 97.150013665 ]
				]
			},
			"properties" : {
				"Scenario" : "All flow from Prospect",
				"Z1" : "103.614",
				"Chainage" : "0",
				"ServiceID" : 11,
				"Stage" : 1
			}
		},
		{
			"type" : "Feature",
			"geometry" : {
				"type" : "LineString",
				"coordinates" : [
					[ 150.7066874437, -33.8583739488, 97.150013665 ],
					[ 150.7069167625, -33.8585713003, 94.568222174 ]
				]
			},
			"properties" : {
				"Scenario" : "All flow from Prospect",
				"Z1" : "97.15",
				"Chainage" : "118.4",
				"ServiceID" : 11,
				"Stage" : 1
			}
		},
		{
			"type" : "Feature",
			"geometry" : {
				"type" : "LineString",
				"coordinates" : [
					[ 150.7069167625, -33.8585713003, 94.568222174 ],
					[ 150.7086359607, -33.8600507989, 80.1929368219 ]
				]
			},
			"properties" : {
				"Scenario" : "All flow from Prospect",
				"Z1" : "94.568",
				"Chainage" : "346.996",
				"ServiceID" : 11,
				"Stage" : 1
			}
		},
		{
			"type" : "Feature",
			"geometry" : {
				"type" : "LineString",
				"coordinates" : [
					[ 150.7086359607, -33.8600507989, 80.1929368219 ],
					[ 150.7094183819, -33.8607241066, 79.1592041633 ]
				]
			},
			"properties" : {
				"Scenario" : "All flow from Prospect",
				"Z1" : "80.193",
				"Chainage" : "451.03",
				"ServiceID" : 11,
				"Stage" : 1
			}
		},
		{
			"type" : "Feature",
			"geometry" : {
				"type" : "LineString",
				"coordinates" : [
					[ 150.7094183819, -33.8607241066, 79.1592041633 ],
					[ 150.7094643727, -33.8607636833, 79.1001865854 ]
				]
			},
			"properties" : {
				"Scenario" : "All flow from Prospect",
				"Z1" : "79.159",
				"Chainage" : "457.145",
				"ServiceID" : 11,
				"Stage" : 1
			}
		},
		{
			"type" : "Feature",
			"geometry" : {
				"type" : "LineString",
				"coordinates" : [
					[ 150.7094643727, -33.8607636833, 79.1001865854 ],
					[ 150.709638358, -33.860913403, 80.93687902 ]
				]
			},
			"properties" : {
				"Scenario" : "All flow from Prospect",
				"Z1" : "79.1",
				"Chainage" : "480.278",
				"ServiceID" : 11,
				"Stage" : 1
			}
		},
		{
			"type" : "Feature",
			"geometry" : {
				"type" : "LineString",
				"coordinates" : [
					[ 150.709638358, -33.860913403, 80.93687902 ],
					[ 150.7099392522, -33.8611723301, 82.6824227227 ]
				]
			},
			"properties" : {
				"Scenario" : "All flow from Prospect",
				"Z1" : "80.937",
				"Chainage" : "520.286",
				"ServiceID" : 11,
				"Stage" : 1
			}
		},
		{
			"type" : "Feature",
			"geometry" : {
				"type" : "LineString",
				"coordinates" : [
					[ 150.7099392522, -33.8611723301, 82.6824227227 ],
					[ 150.7109334147, -33.8620278161, 75.1979526454 ]
				]
			},
			"properties" : {
				"Scenario" : "All flow from Prospect",
				"Z1" : "82.682",
				"Chainage" : "652.469",
				"ServiceID" : 11,
				"Stage" : 1
			}
		},
		{
			"type" : "Feature",
			"geometry" : {
				"type" : "LineString",
				"coordinates" : [
					[ 150.7109334147, -33.8620278161, 75.1979526454 ],
					[ 150.711369685, -33.862403223, 70.8383955075 ]
				]
			},
			"properties" : {
				"Scenario" : "All flow from Prospect",
				"Z1" : "75.198",
				"Chainage" : "710.475",
				"ServiceID" : 11,
				"Stage" : 1
			}
		},
		{
			"type" : "Feature",
			"geometry" : {
				"type" : "LineString",
				"coordinates" : [
					[ 150.711369685, -33.862403223, 70.8383955075 ],
					[ 150.7114478384, -33.8624704729, 70.4745006522 ]
				]
			},
			"properties" : {
				"Scenario" : "All flow from Prospect",
				"Z1" : "70.838",
				"Chainage" : "720.866",
				"ServiceID" : 11,
				"Stage" : 1
			}
		},
		{
			"type" : "Feature",
			"geometry" : {
				"type" : "LineString",
				"coordinates" : [
					[ 150.7114478384, -33.8624704729, 70.4745006522 ],
					[ 150.712386736, -33.8632783686, 66.1535260853 ]
				]
			},
			"properties" : {
				"Scenario" : "All flow from Prospect",
				"Z1" : "70.475",
				"Chainage" : "845.697",
				"ServiceID" : 11,
				"Stage" : 1
			}
		},
		{
			"type" : "Feature",
			"geometry" : {
				"type" : "LineString",
				"coordinates" : [
					[ 150.712386736, -33.8632783686, 66.1535260853 ],
					[ 150.7129649357, -33.8637758828, 63.6493638597 ]
				]
			},
			"properties" : {
				"Scenario" : "All flow from Prospect",
				"Z1" : "66.154",
				"Chainage" : "922.571",
				"ServiceID" : 11,
				"Stage" : 1
			}
		},
		{
			"type" : "Feature",
			"geometry" : {
				"type" : "LineString",
				"coordinates" : [
					[ 150.7129649357, -33.8637758828, 63.6493638597 ],
					[ 150.7146554535, -33.8652304484, 61.5165057032 ]
				]
			},
			"properties" : {
				"Scenario" : "All flow from Prospect",
				"Z1" : "63.649",
				"Chainage" : "1147.326",
				"ServiceID" : 11,
				"Stage" : 1
			}
		},
		{
			"type" : "Feature",
			"geometry" : {
				"type" : "LineString",
				"coordinates" : [
					[ 150.7146554535, -33.8652304484, 61.5165057032 ],
					[ 150.7155501631, -33.8660002512, 61.1101120666 ]
				]
			},
			"properties" : {
				"Scenario" : "All flow from Prospect",
				"Z1" : "61.517",
				"Chainage" : "1266.276",
				"ServiceID" : 11,
				"Stage" : 1
			}
		},
		{
			"type" : "Feature",
			"geometry" : {
				"type" : "LineString",
				"coordinates" : [
					[ 150.7155501631, -33.8660002512, 61.1101120666 ],
					[ 150.7156653719, -33.8660993747, 60.7516511509 ]
				]
			},
			"properties" : {
				"Scenario" : "All flow from Prospect",
				"Z1" : "61.11",
				"Chainage" : "1281.592",
				"ServiceID" : 11,
				"Stage" : 1
			}
		},
		{
			"type" : "Feature",
			"geometry" : {
				"type" : "LineString",
				"coordinates" : [
					[ 150.7156653719, -33.8660993747, 60.7516511509 ],
					[ 150.7159414374, -33.8663368951, 59.9013932762 ]
				]
			},
			"properties" : {
				"Scenario" : "All flow from Prospect",
				"Z1" : "60.752",
				"Chainage" : "1318.294",
				"ServiceID" : 11,
				"Stage" : 1
			}
		},
		{
			"type" : "Feature",
			"geometry" : {
				"type" : "LineString",
				"coordinates" : [
					[ 150.7159414374, -33.8663368951, 59.9013932762 ],
					[ 150.7163523373, -33.8666904204, 58.9436020402 ]
				]
			},
			"properties" : {
				"Scenario" : "All flow from Prospect",
				"Z1" : "59.901",
				"Chainage" : "1372.92",
				"ServiceID" : 11,
				"Stage" : 1
			}
		},
		{
			"type" : "Feature",
			"geometry" : {
				"type" : "LineString",
				"coordinates" : [
					[ 150.7163523373, -33.8666904204, 58.9436020402 ],
					[ 150.7166680246, -33.866962025, 58.2889330551 ]
				]
			},
			"properties" : {
				"Scenario" : "All flow from Prospect",
				"Z1" : "58.944",
				"Chainage" : "1414.889",
				"ServiceID" : 11,
				"Stage" : 1
			}
		},
		{
			"type" : "Feature",
			"geometry" : {
				"type" : "LineString",
				"coordinates" : [
					[ 150.7166680246, -33.866962025, 58.2889330551 ],
					[ 150.7167196826, -33.8670064692, 58.1871396637 ]
				]
			},
			"properties" : {
				"Scenario" : "All flow from Prospect",
				"Z1" : "58.289",
				"Chainage" : "1421.757",
				"ServiceID" : 11,
				"Stage" : 1
			}
		},
		{
			"type" : "Feature",
			"geometry" : {
				"type" : "LineString",
				"coordinates" : [
					[ 150.7167196826, -33.8670064692, 58.1871396637 ],
					[ 150.7168808853, -33.8671451603, 57.8694863141 ]
				]
			},
			"properties" : {
				"Scenario" : "All flow from Prospect",
				"Z1" : "58.187",
				"Chainage" : "1443.187",
				"ServiceID" : 11,
				"Stage" : 1
			}
		},
		{
			"type" : "Feature",
			"geometry" : {
				"type" : "LineString",
				"coordinates" : [
					[ 150.7168808853, -33.8671451603, 57.8694863141 ],
					[ 150.717080483, -33.8673168837, 57.563945412 ]
				]
			},
			"properties" : {
				"Scenario" : "All flow from Prospect",
				"Z1" : "57.869",
				"Chainage" : "1469.722",
				"ServiceID" : 11,
				"Stage" : 1
			}
		},
		{
			"type" : "Feature",
			"geometry" : {
				"type" : "LineString",
				"coordinates" : [
					[ 150.717080483, -33.8673168837, 57.563945412 ],
					[ 150.7184089895, -33.8684598365, 57.0422070741 ]
				]
			},
			"properties" : {
				"Scenario" : "All flow from Prospect",
				"Z1" : "57.564",
				"Chainage" : "1646.334",
				"ServiceID" : 11,
				"Stage" : 1
			}
		},
		{
			"type" : "Feature",
			"geometry" : {
				"type" : "LineString",
				"coordinates" : [
					[ 150.7184089895, -33.8684598365, 57.0422070741 ],
					[ 150.7184807444, -33.868521568, 57.1521380976 ]
				]
			},
			"properties" : {
				"Scenario" : "All flow from Prospect",
				"Z1" : "57.042",
				"Chainage" : "1655.873",
				"ServiceID" : 11,
				"Stage" : 1
			}
		},
		{
			"type" : "Feature",
			"geometry" : {
				"type" : "LineString",
				"coordinates" : [
					[ 150.7184807444, -33.868521568, 57.1521380976 ],
					[ 150.7184967471, -33.8685353353, 57.1766514254 ]
				]
			},
			"properties" : {
				"Scenario" : "All flow from Prospect",
				"Z1" : "57.152",
				"Chainage" : "1658.0",
				"ServiceID" : 11,
				"Stage" : 1
			}
		},
		{
			"type" : "Feature",
			"geometry" : {
				"type" : "LineString",
				"coordinates" : [
					[ 150.7184967471, -33.8685353353, 57.1766514254 ],
					[ 150.7185482045, -33.8685796046, 57.2554750209 ]
				]
			},
			"properties" : {
				"Scenario" : "All flow from Prospect",
				"Z1" : "57.177",
				"Chainage" : "1664.841",
				"ServiceID" : 11,
				"Stage" : 1
			}
		},
		{
			"type" : "Feature",
			"geometry" : {
				"type" : "LineString",
				"coordinates" : [
					[ 150.7185482045, -33.8685796046, 57.2554750209 ],
					[ 150.7190717018, -33.8690299708, 59.1083524618 ]
				]
			},
			"properties" : {
				"Scenario" : "All flow from Prospect",
				"Z1" : "57.255",
				"Chainage" : "1734.433",
				"ServiceID" : 11,
				"Stage" : 1
			}
		},
		{
			"type" : "Feature",
			"geometry" : {
				"type" : "LineString",
				"coordinates" : [
					[ 150.7190717018, -33.8690299708, 59.1083524618 ],
					[ 150.7193331505, -33.8692548932, 59.2125825716 ]
				]
			},
			"properties" : {
				"Scenario" : "All flow from Prospect",
				"Z1" : "59.108",
				"Chainage" : "1769.189",
				"ServiceID" : 11,
				"Stage" : 1
			}
		},
		{
			"type" : "Feature",
			"geometry" : {
				"type" : "LineString",
				"coordinates" : [
					[ 150.7193331505, -33.8692548932, 59.2125825716 ],
					[ 150.7198122959, -33.8693297521, 58.3709367313 ]
				]
			},
			"properties" : {
				"Scenario" : "All flow from Prospect",
				"Z1" : "59.213",
				"Chainage" : "1814.3",
				"ServiceID" : 11,
				"Stage" : 1
			}
		},
		{
			"type" : "Feature",
			"geometry" : {
				"type" : "LineString",
				"coordinates" : [
					[ 150.7198122959, -33.8693297521, 58.3709367313 ],
					[ 150.7200508815, -33.8693670266, 57.9518483278 ]
				]
			},
			"properties" : {
				"Scenario" : "All flow from Prospect",
				"Z1" : "58.371",
				"Chainage" : "1836.763",
				"ServiceID" : 11,
				"Stage" : 1
			}
		},
		{
			"type" : "Feature",
			"geometry" : {
				"type" : "LineString",
				"coordinates" : [
					[ 150.7200508815, -33.8693670266, 57.9518483278 ],
					[ 150.720442826, -33.8694282594, 57.2633776656 ]
				]
			},
			"properties" : {
				"Scenario" : "All flow from Prospect",
				"Z1" : "57.952",
				"Chainage" : "1873.664",
				"ServiceID" : 11,
				"Stage" : 1
			}
		},
		{
			"type" : "Feature",
			"geometry" : {
				"type" : "LineString",
				"coordinates" : [
					[ 150.720442826, -33.8694282594, 57.2633776656 ],
					[ 150.7230980187, -33.8697938005, 59.7797190671 ]
				]
			},
			"properties" : {
				"Scenario" : "All flow from Prospect",
				"Z1" : "57.263",
				"Chainage" : "2122.698",
				"ServiceID" : 11,
				"Stage" : 1
			}
		},
		{
			"type" : "Feature",
			"geometry" : {
				"type" : "LineString",
				"coordinates" : [
					[ 150.7230980187, -33.8697938005, 59.7797190671 ],
					[ 150.7284275652, -33.8705273398, 74.5626762412 ]
				]
			},
			"properties" : {
				"Scenario" : "All flow from Prospect",
				"Z1" : "59.78",
				"Chainage" : "2622.555",
				"ServiceID" : 11,
				"Stage" : 1
			}
		},
		{
			"type" : "Feature",
			"geometry" : {
				"type" : "LineString",
				"coordinates" : [
					[ 150.7284275652, -33.8705273398, 74.5626762412 ],
					[ 150.7289409265, -33.8705921551, 77.0074686236 ]
				]
			},
			"properties" : {
				"Scenario" : "All flow from Prospect",
				"Z1" : "74.563",
				"Chainage" : "2670.601",
				"ServiceID" : 11,
				"Stage" : 1
			}
		},
		{
			"type" : "Feature",
			"geometry" : {
				"type" : "LineString",
				"coordinates" : [
					[ 150.7289409265, -33.8705921551, 77.0074686236 ],
					[ 150.7296508332, -33.870676316, 76.2489378921 ]
				]
			},
			"properties" : {
				"Scenario" : "All flow from Prospect",
				"Z1" : "77.007",
				"Chainage" : "2736.955",
				"ServiceID" : 11,
				"Stage" : 1
			}
		},
		{
			"type" : "Feature",
			"geometry" : {
				"type" : "LineString",
				"coordinates" : [
					[ 150.7296508332, -33.870676316, 76.2489378921 ],
					[ 150.7349772112, -33.8713076341, 70.0472599524 ]
				]
			},
			"properties" : {
				"Scenario" : "All flow from Prospect",
				"Z1" : "76.249",
				"Chainage" : "3234.795",
				"ServiceID" : 11,
				"Stage" : 1
			}
		},
		{
			"type" : "Feature",
			"geometry" : {
				"type" : "LineString",
				"coordinates" : [
					[ 150.7349772112, -33.8713076341, 70.0472599524 ],
					[ 150.73916012, -33.8718508928, 62.9040575582 ]
				]
			},
			"properties" : {
				"Scenario" : "All flow from Prospect",
				"Z1" : "70.047",
				"Chainage" : "3626.53",
				"ServiceID" : 11,
				"Stage" : 1
			}
		},
		{
			"type" : "Feature",
			"geometry" : {
				"type" : "LineString",
				"coordinates" : [
					[ 150.73916012, -33.8718508928, 62.9040575582 ],
					[ 150.7437230932, -33.8724468569, 55.3796365641 ]
				]
			},
			"properties" : {
				"Scenario" : "All flow from Prospect",
				"Z1" : "62.904",
				"Chainage" : "4053.913",
				"ServiceID" : 11,
				"Stage" : 1
			}
		},
		{
			"type" : "Feature",
			"geometry" : {
				"type" : "LineString",
				"coordinates" : [
					[ 150.7437230932, -33.8724468569, 55.3796365641 ],
					[ 150.7438130674, -33.8724588717, 55.2823185661 ]
				]
			},
			"properties" : {
				"Scenario" : "All flow from Prospect",
				"Z1" : "55.38",
				"Chainage" : "4062.345",
				"ServiceID" : 11,
				"Stage" : 1
			}
		},
		{
			"type" : "Feature",
			"geometry" : {
				"type" : "LineString",
				"coordinates" : [
					[ 150.7438130674, -33.8724588717, 55.2823185661 ],
					[ 150.7511960122, -33.8734547115, 47.1523751185 ]
				]
			},
			"properties" : {
				"Scenario" : "All flow from Prospect",
				"Z1" : "55.282",
				"Chainage" : "4754.397",
				"ServiceID" : 11,
				"Stage" : 1
			}
		},
		{
			"type" : "Feature",
			"geometry" : {
				"type" : "LineString",
				"coordinates" : [
					[ 150.7511960122, -33.8734547115, 47.1523751185 ],
					[ 150.7514455127, -33.873488357, 46.9328709923 ]
				]
			},
			"properties" : {
				"Scenario" : "All flow from Prospect",
				"Z1" : "47.152",
				"Chainage" : "4777.784",
				"ServiceID" : 11,
				"Stage" : 1
			}
		},
		{
			"type" : "Feature",
			"geometry" : {
				"type" : "LineString",
				"coordinates" : [
					[ 150.7514455127, -33.873488357, 46.9328709923 ],
					[ 150.7557497341, -33.8740654559, 49.304593606 ]
				]
			},
			"properties" : {
				"Scenario" : "All flow from Prospect",
				"Z1" : "46.933",
				"Chainage" : "5181.181",
				"ServiceID" : 11,
				"Stage" : 1
			}
		},
		{
			"type" : "Feature",
			"geometry" : {
				"type" : "LineString",
				"coordinates" : [
					[ 150.7557497341, -33.8740654559, 49.304593606 ],
					[ 150.7588881069, -33.8744861419, 60.1487235969 ]
				]
			},
			"properties" : {
				"Scenario" : "All flow from Prospect",
				"Z1" : "49.305",
				"Chainage" : "5475.309",
				"ServiceID" : 11,
				"Stage" : 1
			}
		},
		{
			"type" : "Feature",
			"geometry" : {
				"type" : "LineString",
				"coordinates" : [
					[ 150.7588881069, -33.8744861419, 60.1487235969 ],
					[ 150.7601457945, -33.8746547063, 60.7761850014 ]
				]
			},
			"properties" : {
				"Scenario" : "All flow from Prospect",
				"Z1" : "60.149",
				"Chainage" : "5593.179",
				"ServiceID" : 11,
				"Stage" : 1
			}
		},
		{
			"type" : "Feature",
			"geometry" : {
				"type" : "LineString",
				"coordinates" : [
					[ 150.7601457945, -33.8746547063, 60.7761850014 ],
					[ 150.7618663087, -33.874885204, 63.2846781339 ]
				]
			},
			"properties" : {
				"Scenario" : "All flow from Prospect",
				"Z1" : "60.776",
				"Chainage" : "5754.422",
				"ServiceID" : 11,
				"Stage" : 1
			}
		},
		{
			"type" : "Feature",
			"geometry" : {
				"type" : "LineString",
				"coordinates" : [
					[ 150.7618663087, -33.874885204, 63.2846781339 ],
					[ 150.7633655408, -33.8750872303, 59.6553473968 ]
				]
			},
			"properties" : {
				"Scenario" : "All flow from Prospect",
				"Z1" : "63.285",
				"Chainage" : "5894.947",
				"ServiceID" : 11,
				"Stage" : 1
			}
		},
		{
			"type" : "Feature",
			"geometry" : {
				"type" : "LineString",
				"coordinates" : [
					[ 150.7633655408, -33.8750872303, 59.6553473968 ],
					[ 150.7635308485, -33.8751091626, 59.1421703928 ]
				]
			},
			"properties" : {
				"Scenario" : "All flow from Prospect",
				"Z1" : "59.655",
				"Chainage" : "5910.435",
				"ServiceID" : 11,
				"Stage" : 1
			}
		},
		{
			"type" : "Feature",
			"geometry" : {
				"type" : "LineString",
				"coordinates" : [
					[ 150.7635308485, -33.8751091626, 59.1421703928 ],
					[ 150.7652977606, -33.8753712795, 50.2895095641 ]
				]
			},
			"properties" : {
				"Scenario" : "All flow from Prospect",
				"Z1" : "59.142",
				"Chainage" : "6076.496",
				"ServiceID" : 11,
				"Stage" : 1
			}
		},
		{
			"type" : "Feature",
			"geometry" : {
				"type" : "LineString",
				"coordinates" : [
					[ 150.7652977606, -33.8753712795, 50.2895095641 ],
					[ 150.7674829752, -33.8756954136, 44.1938288548 ]
				]
			},
			"properties" : {
				"Scenario" : "All flow from Prospect",
				"Z1" : "50.29",
				"Chainage" : "6281.868",
				"ServiceID" : 11,
				"Stage" : 1
			}
		},
		{
			"type" : "Feature",
			"geometry" : {
				"type" : "LineString",
				"coordinates" : [
					[ 150.7674829752, -33.8756954136, 44.1938288548 ],
					[ 150.7727383132, -33.8764055654, 42.6747215883 ]
				]
			},
			"properties" : {
				"Scenario" : "All flow from Prospect",
				"Z1" : "44.194",
				"Chainage" : "6774.486",
				"ServiceID" : 11,
				"Stage" : 1
			}
		},
		{
			"type" : "Feature",
			"geometry" : {
				"type" : "LineString",
				"coordinates" : [
					[ 150.7727383132, -33.8764055654, 42.6747215883 ],
					[ 150.7728905679, -33.8764261361, 42.7004340186 ]
				]
			},
			"properties" : {
				"Scenario" : "All flow from Prospect",
				"Z1" : "42.675",
				"Chainage" : "6788.758",
				"ServiceID" : 11,
				"Stage" : 1
			}
		},
		{
			"type" : "Feature",
			"geometry" : {
				"type" : "LineString",
				"coordinates" : [
					[ 150.7728905679, -33.8764261361, 42.7004340186 ],
					[ 150.7763877791, -33.8768819989, 42.6012592026 ]
				]
			},
			"properties" : {
				"Scenario" : "All flow from Prospect",
				"Z1" : "42.7",
				"Chainage" : "7116.28",
				"ServiceID" : 11,
				"Stage" : 1
			}
		},
		{
			"type" : "Feature",
			"geometry" : {
				"type" : "LineString",
				"coordinates" : [
					[ 150.7763877791, -33.8768819989, 42.6012592026 ],
					[ 150.7809647397, -33.8775071344, 46.2758143428 ]
				]
			},
			"properties" : {
				"Scenario" : "All flow from Prospect",
				"Z1" : "42.601",
				"Chainage" : "7545.421",
				"ServiceID" : 11,
				"Stage" : 1
			}
		},
		{
			"type" : "Feature",
			"geometry" : {
				"type" : "LineString",
				"coordinates" : [
					[ 150.7809647397, -33.8775071344, 46.2758143428 ],
					[ 150.7814700829, -33.8776819274, 47.1973278179 ]
				]
			},
			"properties" : {
				"Scenario" : "All flow from Prospect",
				"Z1" : "46.276",
				"Chainage" : "7596.04",
				"ServiceID" : 11,
				"Stage" : 1
			}
		},
		{
			"type" : "Feature",
			"geometry" : {
				"type" : "LineString",
				"coordinates" : [
					[ 150.7814700829, -33.8776819274, 47.1973278179 ],
					[ 150.7815978615, -33.8776148157, 47.3147719677 ]
				]
			},
			"properties" : {
				"Scenario" : "All flow from Prospect",
				"Z1" : "47.197",
				"Chainage" : "7610.012",
				"ServiceID" : 11,
				"Stage" : 1
			}
		},
		{
			"type" : "Feature",
			"geometry" : {
				"type" : "LineString",
				"coordinates" : [
					[ 150.7815978615, -33.8776148157, 47.3147719677 ],
					[ 150.781989436, -33.8777770103, 48.0511225571 ]
				]
			},
			"properties" : {
				"Scenario" : "All flow from Prospect",
				"Z1" : "47.315",
				"Chainage" : "7650.466",
				"ServiceID" : 11,
				"Stage" : 1
			}
		},
		{
			"type" : "Feature",
			"geometry" : {
				"type" : "LineString",
				"coordinates" : [
					[ 150.781989436, -33.8777770103, 48.0511225571 ],
					[ 150.7841093894, -33.87886015, 54.5679485216 ]
				]
			},
			"properties" : {
				"Scenario" : "All flow from Prospect",
				"Z1" : "48.051",
				"Chainage" : "7880.495",
				"ServiceID" : 11,
				"Stage" : 1
			}
		},
		{
			"type" : "Feature",
			"geometry" : {
				"type" : "LineString",
				"coordinates" : [
					[ 150.7841093894, -33.87886015, 54.5679485216 ],
					[ 150.7844850068, -33.8790469304, 55.2289468644 ]
				]
			},
			"properties" : {
				"Scenario" : "All flow from Prospect",
				"Z1" : "54.568",
				"Chainage" : "7920.958",
				"ServiceID" : 11,
				"Stage" : 1
			}
		},
		{
			"type" : "Feature",
			"geometry" : {
				"type" : "LineString",
				"coordinates" : [
					[ 150.7844850068, -33.8790469304, 55.2289468644 ],
					[ 150.7856248117, -33.879489315, 56.9000328984 ]
				]
			},
			"properties" : {
				"Scenario" : "All flow from Prospect",
				"Z1" : "55.229",
				"Chainage" : "8037.279",
				"ServiceID" : 11,
				"Stage" : 1
			}
		},
		{
			"type" : "Feature",
			"geometry" : {
				"type" : "LineString",
				"coordinates" : [
					[ 150.7856248117, -33.879489315, 56.9000328984 ],
					[ 150.7862232358, -33.8796642297, 57.6238187015 ]
				]
			},
			"properties" : {
				"Scenario" : "All flow from Prospect",
				"Z1" : "56.9",
				"Chainage" : "8095.95",
				"ServiceID" : 11,
				"Stage" : 1
			}
		},
		{
			"type" : "Feature",
			"geometry" : {
				"type" : "LineString",
				"coordinates" : [
					[ 150.7862232358, -33.8796642297, 57.6238187015 ],
					[ 150.7868169303, -33.8797876729, 57.8719878084 ]
				]
			},
			"properties" : {
				"Scenario" : "All flow from Prospect",
				"Z1" : "57.624",
				"Chainage" : "8152.563",
				"ServiceID" : 11,
				"Stage" : 1
			}
		},
		{
			"type" : "Feature",
			"geometry" : {
				"type" : "LineString",
				"coordinates" : [
					[ 150.7868169303, -33.8797876729, 57.8719878084 ],
					[ 150.7877753642, -33.8798741239, 58.4104606489 ]
				]
			},
			"properties" : {
				"Scenario" : "All flow from Prospect",
				"Z1" : "57.872",
				"Chainage" : "8241.759",
				"ServiceID" : 11,
				"Stage" : 1
			}
		},
		{
			"type" : "Feature",
			"geometry" : {
				"type" : "LineString",
				"coordinates" : [
					[ 150.7877753642, -33.8798741239, 58.4104606489 ],
					[ 150.7879431339, -33.8798462167, 58.3561674023 ]
				]
			},
			"properties" : {
				"Scenario" : "All flow from Prospect",
				"Z1" : "58.41",
				"Chainage" : "8257.588",
				"ServiceID" : 11,
				"Stage" : 1
			}
		},
		{
			"type" : "Feature",
			"geometry" : {
				"type" : "LineString",
				"coordinates" : [
					[ 150.7879431339, -33.8798462167, 58.3561674023 ],
					[ 150.7903712803, -33.8800793805, 62.7466939472 ]
				]
			},
			"properties" : {
				"Scenario" : "All flow from Prospect",
				"Z1" : "58.356",
				"Chainage" : "8483.737",
				"ServiceID" : 11,
				"Stage" : 1
			}
		},
		{
			"type" : "Feature",
			"geometry" : {
				"type" : "LineString",
				"coordinates" : [
					[ 150.7903712803, -33.8800793805, 62.7466939472 ],
					[ 150.7905583714, -33.8801456594, 62.573943716 ]
				]
			},
			"properties" : {
				"Scenario" : "All flow from Prospect",
				"Z1" : "62.747",
				"Chainage" : "8502.544",
				"ServiceID" : 11,
				"Stage" : 1
			}
		},
		{
			"type" : "Feature",
			"geometry" : {
				"type" : "LineString",
				"coordinates" : [
					[ 150.7905583714, -33.8801456594, 62.573943716 ],
					[ 150.7907834187, -33.8801711511, 62.1642846602 ]
				]
			},
			"properties" : {
				"Scenario" : "All flow from Prospect",
				"Z1" : "62.574",
				"Chainage" : "8523.558",
				"ServiceID" : 11,
				"Stage" : 1
			}
		},
		{
			"type" : "Feature",
			"geometry" : {
				"type" : "LineString",
				"coordinates" : [
					[ 150.7907834187, -33.8801711511, 62.1642846602 ],
					[ 150.7920140643, -33.8804180454, 59.8939546086 ]
				]
			},
			"properties" : {
				"Scenario" : "All flow from Prospect",
				"Z1" : "62.164",
				"Chainage" : "8640.671",
				"ServiceID" : 11,
				"Stage" : 1
			}
		},
		{
			"type" : "Feature",
			"geometry" : {
				"type" : "LineString",
				"coordinates" : [
					[ 150.7920140643, -33.8804180454, 59.8939546086 ],
					[ 150.7921436799, -33.8804144191, 59.5291204108 ]
				]
			},
			"properties" : {
				"Scenario" : "All flow from Prospect",
				"Z1" : "59.894",
				"Chainage" : "8652.67",
				"ServiceID" : 11,
				"Stage" : 1
			}
		},
		{
			"type" : "Feature",
			"geometry" : {
				"type" : "LineString",
				"coordinates" : [
					[ 150.7921436799, -33.8804144191, 59.5291204108 ],
					[ 150.7922601838, -33.8804110987, 59.201057272 ]
				]
			},
			"properties" : {
				"Scenario" : "All flow from Prospect",
				"Z1" : "59.529",
				"Chainage" : "8663.456",
				"ServiceID" : 11,
				"Stage" : 1
			}
		},
		{
			"type" : "Feature",
			"geometry" : {
				"type" : "LineString",
				"coordinates" : [
					[ 150.7922601838, -33.8804110987, 59.201057272 ],
					[ 150.7927757837, -33.8805250003, 58.034567678 ]
				]
			},
			"properties" : {
				"Scenario" : "All flow from Prospect",
				"Z1" : "59.201",
				"Chainage" : "8712.807",
				"ServiceID" : 11,
				"Stage" : 1
			}
		},
		{
			"type" : "Feature",
			"geometry" : {
				"type" : "LineString",
				"coordinates" : [
					[ 150.7927757837, -33.8805250003, 58.034567678 ],
					[ 150.7933500492, -33.8806523912, 56.1057931607 ]
				]
			},
			"properties" : {
				"Scenario" : "All flow from Prospect",
				"Z1" : "58.035",
				"Chainage" : "8767.787",
				"ServiceID" : 11,
				"Stage" : 1
			}
		},
		{
			"type" : "Feature",
			"geometry" : {
				"type" : "LineString",
				"coordinates" : [
					[ 150.7933500492, -33.8806523912, 56.1057931607 ],
					[ 150.7942456046, -33.8807750809, 53.6181320543 ]
				]
			},
			"properties" : {
				"Scenario" : "All flow from Prospect",
				"Z1" : "56.106",
				"Chainage" : "8851.758",
				"ServiceID" : 11,
				"Stage" : 1
			}
		},
		{
			"type" : "Feature",
			"geometry" : {
				"type" : "LineString",
				"coordinates" : [
					[ 150.7942456046, -33.8807750809, 53.6181320543 ],
					[ 150.7942463253, -33.8807751796, 53.6161366085 ]
				]
			},
			"properties" : {
				"Scenario" : "All flow from Prospect",
				"Z1" : "53.618",
				"Chainage" : "8851.826",
				"ServiceID" : 11,
				"Stage" : 1
			}
		},
		{
			"type" : "Feature",
			"geometry" : {
				"type" : "LineString",
				"coordinates" : [
					[ 150.7942463253, -33.8807751796, 53.6161366085 ],
					[ 150.7965861617, -33.8808669119, 47.3128053149 ]
				]
			},
			"properties" : {
				"Scenario" : "All flow from Prospect",
				"Z1" : "53.616",
				"Chainage" : "9068.556",
				"ServiceID" : 11,
				"Stage" : 1
			}
		},
		{
			"type" : "Feature",
			"geometry" : {
				"type" : "LineString",
				"coordinates" : [
					[ 150.7965861617, -33.8808669119, 47.3128053149 ],
					[ 150.7975855445, -33.8808420567, 47.1549068743 ]
				]
			},
			"properties" : {
				"Scenario" : "All flow from Prospect",
				"Z1" : "47.313",
				"Chainage" : "9161.064",
				"ServiceID" : 11,
				"Stage" : 1
			}
		},
		{
			"type" : "Feature",
			"geometry" : {
				"type" : "LineString",
				"coordinates" : [
					[ 150.7975855445, -33.8808420567, 47.1549068743 ],
					[ 150.7982840568, -33.880644412, 44.4689399382 ]
				]
			},
			"properties" : {
				"Scenario" : "All flow from Prospect",
				"Z1" : "47.155",
				"Chainage" : "9229.311",
				"ServiceID" : 11,
				"Stage" : 1
			}
		},
		{
			"type" : "Feature",
			"geometry" : {
				"type" : "LineString",
				"coordinates" : [
					[ 150.7982840568, -33.880644412, 44.4689399382 ],
					[ 150.8026324175, -33.8806952015, 51.6645186432 ]
				]
			},
			"properties" : {
				"Scenario" : "All flow from Prospect",
				"Z1" : "44.469",
				"Chainage" : "9631.678",
				"ServiceID" : 11,
				"Stage" : 1
			}
		},
		{
			"type" : "Feature",
			"geometry" : {
				"type" : "LineString",
				"coordinates" : [
					[ 150.8026324175, -33.8806952015, 51.6645186432 ],
					[ 150.8030632093, -33.8807658992, 52.1074875004 ]
				]
			},
			"properties" : {
				"Scenario" : "All flow from Prospect",
				"Z1" : "51.665",
				"Chainage" : "9672.3",
				"ServiceID" : 11,
				"Stage" : 1
			}
		},
		{
			"type" : "Feature",
			"geometry" : {
				"type" : "LineString",
				"coordinates" : [
					[ 150.8030632093, -33.8807658992, 52.1074875004 ],
					[ 150.8041898271, -33.8807815723, 53.2917783398 ]
				]
			},
			"properties" : {
				"Scenario" : "All flow from Prospect",
				"Z1" : "52.107",
				"Chainage" : "9776.554",
				"ServiceID" : 11,
				"Stage" : 1
			}
		},
		{
			"type" : "Feature",
			"geometry" : {
				"type" : "LineString",
				"coordinates" : [
					[ 150.8041898271, -33.8807815723, 53.2917783398 ],
					[ 150.8078896803, -33.8806797125, 58.8047747662 ]
				]
			},
			"properties" : {
				"Scenario" : "All flow from Prospect",
				"Z1" : "53.292",
				"Chainage" : "10119.064",
				"ServiceID" : 11,
				"Stage" : 1
			}
		},
		{
			"type" : "Feature",
			"geometry" : {
				"type" : "LineString",
				"coordinates" : [
					[ 150.8078896803, -33.8806797125, 58.8047747662 ],
					[ 150.8083497273, -33.8806000958, 59.4558256281 ]
				]
			},
			"properties" : {
				"Scenario" : "All flow from Prospect",
				"Z1" : "58.805",
				"Chainage" : "10162.536",
				"ServiceID" : 11,
				"Stage" : 1
			}
		},
		{
			"type" : "Feature",
			"geometry" : {
				"type" : "LineString",
				"coordinates" : [
					[ 150.8083497273, -33.8806000958, 59.4558256281 ],
					[ 150.8147147737, -33.8794969191, 79.7711530159 ]
				]
			},
			"properties" : {
				"Scenario" : "All flow from Prospect",
				"Z1" : "59.456",
				"Chainage" : "10764.037",
				"ServiceID" : 11,
				"Stage" : 1
			}
		},
		{
			"type" : "Feature",
			"geometry" : {
				"type" : "LineString",
				"coordinates" : [
					[ 150.8147147737, -33.8794969191, 79.7711530159 ],
					[ 150.8148894133, -33.8794964116, 81.7858610141 ]
				]
			},
			"properties" : {
				"Scenario" : "All flow from Prospect",
				"Z1" : "79.771",
				"Chainage" : "10780.196",
				"ServiceID" : 11,
				"Stage" : 1
			}
		},
		{
			"type" : "Feature",
			"geometry" : {
				"type" : "LineString",
				"coordinates" : [
					[ 150.8148894133, -33.8794964116, 81.7858610141 ],
					[ 150.8149402373, -33.8794958708, 82.2032571152 ]
				]
			},
			"properties" : {
				"Scenario" : "All flow from Prospect",
				"Z1" : "81.786",
				"Chainage" : "10784.899",
				"ServiceID" : 11,
				"Stage" : 1
			}
		},
		{
			"type" : "Feature",
			"geometry" : {
				"type" : "LineString",
				"coordinates" : [
					[ 150.8149402373, -33.8794958708, 82.2032571152 ],
					[ 150.8157384101, -33.8794956043, 87.8489788397 ]
				]
			},
			"properties" : {
				"Scenario" : "All flow from Prospect",
				"Z1" : "82.203",
				"Chainage" : "10858.749",
				"ServiceID" : 11,
				"Stage" : 1
			}
		},
		{
			"type" : "Feature",
			"geometry" : {
				"type" : "LineString",
				"coordinates" : [
					[ 150.8157384101, -33.8794956043, 87.8489788397 ],
					[ 150.8158987976, -33.8795152958, 89.305745292 ]
				]
			},
			"properties" : {
				"Scenario" : "All flow from Prospect",
				"Z1" : "87.849",
				"Chainage" : "10873.749",
				"ServiceID" : 11,
				"Stage" : 1
			}
		},
		{
			"type" : "Feature",
			"geometry" : {
				"type" : "LineString",
				"coordinates" : [
					[ 150.8158987976, -33.8795152958, 89.305745292 ],
					[ 150.8163451646, -33.8795700971, 94.2294730953 ]
				]
			},
			"properties" : {
				"Scenario" : "All flow from Prospect",
				"Z1" : "89.306",
				"Chainage" : "10915.494",
				"ServiceID" : 11,
				"Stage" : 1
			}
		},
		{
			"type" : "Feature",
			"geometry" : {
				"type" : "LineString",
				"coordinates" : [
					[ 150.8163451646, -33.8795700971, 94.2294730953 ],
					[ 150.8179150397, -33.8800910267, 100.0751947649 ]
				]
			},
			"properties" : {
				"Scenario" : "All flow from Prospect",
				"Z1" : "94.229",
				"Chainage" : "11071.818",
				"ServiceID" : 11,
				"Stage" : 1
			}
		},
		{
			"type" : "Feature",
			"geometry" : {
				"type" : "LineString",
				"coordinates" : [
					[ 150.8179150397, -33.8800910267, 100.0751947649 ],
					[ 150.8194260581, -33.8807187113, 104.4858566734 ]
				]
			},
			"properties" : {
				"Scenario" : "All flow from Prospect",
				"Z1" : "100.075",
				"Chainage" : "11228.003",
				"ServiceID" : 11,
				"Stage" : 1
			}
		},
		{
			"type" : "Feature",
			"geometry" : {
				"type" : "LineString",
				"coordinates" : [
					[ 150.8194260581, -33.8807187113, 104.4858566734 ],
					[ 150.8202106241, -33.8807562174, 106.5228610442 ]
				]
			},
			"properties" : {
				"Scenario" : "All flow from Prospect",
				"Z1" : "104.486",
				"Chainage" : "11300.713",
				"ServiceID" : 11,
				"Stage" : 1
			}
		},
		{
			"type" : "Feature",
			"geometry" : {
				"type" : "LineString",
				"coordinates" : [
					[ 150.8202106241, -33.8807562174, 106.5228610442 ],
					[ 150.8206967127, -33.8806161654, 108.0402205343 ]
				]
			},
			"properties" : {
				"Scenario" : "All flow from Prospect",
				"Z1" : "106.523",
				"Chainage" : "11348.295",
				"ServiceID" : 11,
				"Stage" : 1
			}
		},
		{
			"type" : "Feature",
			"geometry" : {
				"type" : "LineString",
				"coordinates" : [
					[ 150.8206967127, -33.8806161654, 108.0402205343 ],
					[ 150.8215577279, -33.8803640186, 111.5315954083 ]
				]
			},
			"properties" : {
				"Scenario" : "All flow from Prospect",
				"Z1" : "108.04",
				"Chainage" : "11432.727",
				"ServiceID" : 11,
				"Stage" : 1
			}
		},
		{
			"type" : "Feature",
			"geometry" : {
				"type" : "LineString",
				"coordinates" : [
					[ 150.8215577279, -33.8803640186, 111.5315954083 ],
					[ 150.8240872346, -33.8786502175, 113.9606009093 ]
				]
			},
			"properties" : {
				"Scenario" : "All flow from Prospect",
				"Z1" : "111.532",
				"Chainage" : "11734.254",
				"ServiceID" : 11,
				"Stage" : 1
			}
		},
		{
			"type" : "Feature",
			"geometry" : {
				"type" : "LineString",
				"coordinates" : [
					[ 150.8240872346, -33.8786502175, 113.9606009093 ],
					[ 150.8255531736, -33.8776092054, 106.4430904089 ]
				]
			},
			"properties" : {
				"Scenario" : "All flow from Prospect",
				"Z1" : "113.961",
				"Chainage" : "11912.392",
				"ServiceID" : 11,
				"Stage" : 1
			}
		},
		{
			"type" : "Feature",
			"geometry" : {
				"type" : "LineString",
				"coordinates" : [
					[ 150.8255531736, -33.8776092054, 106.4430904089 ],
					[ 150.826912696, -33.8766435543, 104.5555434678 ]
				]
			},
			"properties" : {
				"Scenario" : "All flow from Prospect",
				"Z1" : "106.443",
				"Chainage" : "12077.614",
				"ServiceID" : 11,
				"Stage" : 1
			}
		},
		{
			"type" : "Feature",
			"geometry" : {
				"type" : "LineString",
				"coordinates" : [
					[ 150.826912696, -33.8766435543, 104.5555434678 ],
					[ 150.8278633071, -33.8759701487, 101.4831502321 ]
				]
			},
			"properties" : {
				"Scenario" : "All flow from Prospect",
				"Z1" : "104.556",
				"Chainage" : "12193.013",
				"ServiceID" : 11,
				"Stage" : 1
			}
		},
		{
			"type" : "Feature",
			"geometry" : {
				"type" : "LineString",
				"coordinates" : [
					[ 150.8278633071, -33.8759701487, 101.4831502321 ],
					[ 150.8283355116, -33.8757256999, 102.0661669356 ]
				]
			},
			"properties" : {
				"Scenario" : "All flow from Prospect",
				"Z1" : "101.483",
				"Chainage" : "12244.436",
				"ServiceID" : 11,
				"Stage" : 1
			}
		},
		{
			"type" : "Feature",
			"geometry" : {
				"type" : "LineString",
				"coordinates" : [
					[ 150.8283355116, -33.8757256999, 102.0661669356 ],
					[ 150.8296532875, -33.8753888746, 102.7627144218 ]
				]
			},
			"properties" : {
				"Scenario" : "All flow from Prospect",
				"Z1" : "102.066",
				"Chainage" : "12371.964",
				"ServiceID" : 11,
				"Stage" : 1
			}
		},
		{
			"type" : "Feature",
			"geometry" : {
				"type" : "LineString",
				"coordinates" : [
					[ 150.8296532875, -33.8753888746, 102.7627144218 ],
					[ 150.8302413959, -33.8753859836, 102.6526583556 ]
				]
			},
			"properties" : {
				"Scenario" : "All flow from Prospect",
				"Z1" : "102.763",
				"Chainage" : "12426.382",
				"ServiceID" : 11,
				"Stage" : 1
			}
		},
		{
			"type" : "Feature",
			"geometry" : {
				"type" : "LineString",
				"coordinates" : [
					[ 150.8302413959, -33.8753859836, 102.6526583556 ],
					[ 150.831391683, -33.8756017713, 108.9087212956 ]
				]
			},
			"properties" : {
				"Scenario" : "All flow from Prospect",
				"Z1" : "102.653",
				"Chainage" : "12535.474",
				"ServiceID" : 11,
				"Stage" : 1
			}
		},
		{
			"type" : "Feature",
			"geometry" : {
				"type" : "LineString",
				"coordinates" : [
					[ 150.831391683, -33.8756017713, 108.9087212956 ],
					[ 150.8326254849, -33.8758004473, 114.3553839561 ]
				]
			},
			"properties" : {
				"Scenario" : "All flow from Prospect",
				"Z1" : "108.909",
				"Chainage" : "12651.744",
				"ServiceID" : 11,
				"Stage" : 1
			}
		},
		{
			"type" : "Feature",
			"geometry" : {
				"type" : "LineString",
				"coordinates" : [
					[ 150.8326254849, -33.8758004473, 114.3553839561 ],
					[ 150.8335664288, -33.8757620926, 118.4610636993 ]
				]
			},
			"properties" : {
				"Scenario" : "All flow from Prospect",
				"Z1" : "114.355",
				"Chainage" : "12738.911",
				"ServiceID" : 11,
				"Stage" : 1
			}
		},
		{
			"type" : "Feature",
			"geometry" : {
				"type" : "LineString",
				"coordinates" : [
					[ 150.8335664288, -33.8757620926, 118.4610636993 ],
					[ 150.8337099767, -33.8757562407, 117.9988710977 ]
				]
			},
			"properties" : {
				"Scenario" : "All flow from Prospect",
				"Z1" : "118.461",
				"Chainage" : "12752.209",
				"ServiceID" : 11,
				"Stage" : 1
			}
		},
		{
			"type" : "Feature",
			"geometry" : {
				"type" : "LineString",
				"coordinates" : [
					[ 150.8337099767, -33.8757562407, 117.9988710977 ],
					[ 150.8347739856, -33.8755666162, 116.0330670044 ]
				]
			},
			"properties" : {
				"Scenario" : "All flow from Prospect",
				"Z1" : "117.999",
				"Chainage" : "12852.882",
				"ServiceID" : 11,
				"Stage" : 1
			}
		},
		{
			"type" : "Feature",
			"geometry" : {
				"type" : "LineString",
				"coordinates" : [
					[ 150.8347739856, -33.8755666162, 116.0330670044 ],
					[ 150.8366818268, -33.8751320294, 115.159971569 ]
				]
			},
			"properties" : {
				"Scenario" : "All flow from Prospect",
				"Z1" : "116.033",
				"Chainage" : "13035.875",
				"ServiceID" : 11,
				"Stage" : 1
			}
		},
		{
			"type" : "Feature",
			"geometry" : {
				"type" : "LineString",
				"coordinates" : [
					[ 150.8366818268, -33.8751320294, 115.159971569 ],
					[ 150.8368314219, -33.8750979517, 115.0586340948 ]
				]
			},
			"properties" : {
				"Scenario" : "All flow from Prospect",
				"Z1" : "115.16",
				"Chainage" : "13050.224",
				"ServiceID" : 11,
				"Stage" : 1
			}
		},
		{
			"type" : "Feature",
			"geometry" : {
				"type" : "LineString",
				"coordinates" : [
					[ 150.8368314219, -33.8750979517, 115.0586340948 ],
					[ 150.837635681, -33.8749147382, 114.5275666721 ]
				]
			},
			"properties" : {
				"Scenario" : "All flow from Prospect",
				"Z1" : "115.059",
				"Chainage" : "13127.366",
				"ServiceID" : 11,
				"Stage" : 1
			}
		},
		{
			"type" : "Feature",
			"geometry" : {
				"type" : "LineString",
				"coordinates" : [
					[ 150.837635681, -33.8749147382, 114.5275666721 ],
					[ 150.8382320522, -33.8747788785, 114.5167950058 ]
				]
			},
			"properties" : {
				"Scenario" : "All flow from Prospect",
				"Z1" : "114.528",
				"Chainage" : "13184.569",
				"ServiceID" : 11,
				"Stage" : 1
			}
		},
		{
			"type" : "Feature",
			"geometry" : {
				"type" : "LineString",
				"coordinates" : [
					[ 150.8382320522, -33.8747788785, 114.5167950058 ],
					[ 150.8388779265, -33.8747190847, 112.1525476175 ]
				]
			},
			"properties" : {
				"Scenario" : "All flow from Prospect",
				"Z1" : "114.517",
				"Chainage" : "13244.698",
				"ServiceID" : 11,
				"Stage" : 1
			}
		},
		{
			"type" : "Feature",
			"geometry" : {
				"type" : "LineString",
				"coordinates" : [
					[ 150.8388779265, -33.8747190847, 112.1525476175 ],
					[ 150.8393787382, -33.8747314761, 113.188934368 ]
				]
			},
			"properties" : {
				"Scenario" : "All flow from Prospect",
				"Z1" : "112.153",
				"Chainage" : "13291.058",
				"ServiceID" : 11,
				"Stage" : 1
			}
		},
		{
			"type" : "Feature",
			"geometry" : {
				"type" : "LineString",
				"coordinates" : [
					[ 150.8393787382, -33.8747314761, 113.188934368 ],
					[ 150.8402352592, -33.8748831615, 116.0514837562 ]
				]
			},
			"properties" : {
				"Scenario" : "All flow from Prospect",
				"Z1" : "113.189",
				"Chainage" : "13372.077",
				"ServiceID" : 11,
				"Stage" : 1
			}
		},
		{
			"type" : "Feature",
			"geometry" : {
				"type" : "LineString",
				"coordinates" : [
					[ 150.8402352592, -33.8748831615, 116.0514837562 ],
					[ 150.8413486774, -33.8753638769, 113.9355081218 ]
				]
			},
			"properties" : {
				"Scenario" : "All flow from Prospect",
				"Z1" : "116.051",
				"Chainage" : "13488.082",
				"ServiceID" : 11,
				"Stage" : 1
			}
		},
		{
			"type" : "Feature",
			"geometry" : {
				"type" : "LineString",
				"coordinates" : [
					[ 150.8413486774, -33.8753638769, 113.9355081218 ],
					[ 150.8419950692, -33.8757827632, 111.5948903897 ]
				]
			},
			"properties" : {
				"Scenario" : "All flow from Prospect",
				"Z1" : "113.936",
				"Chainage" : "13563.821",
				"ServiceID" : 11,
				"Stage" : 1
			}
		},
		{
			"type" : "Feature",
			"geometry" : {
				"type" : "LineString",
				"coordinates" : [
					[ 150.8419950692, -33.8757827632, 111.5948903897 ],
					[ 150.8422546288, -33.8760132218, 111.6262342431 ]
				]
			},
			"properties" : {
				"Scenario" : "All flow from Prospect",
				"Z1" : "111.595",
				"Chainage" : "13598.897",
				"ServiceID" : 11,
				"Stage" : 1
			}
		},
		{
			"type" : "Feature",
			"geometry" : {
				"type" : "LineString",
				"coordinates" : [
					[ 150.8422546288, -33.8760132218, 111.6262342431 ],
					[ 150.8433177304, -33.8753242658, 111.27862869 ]
				]
			},
			"properties" : {
				"Scenario" : "All flow from Prospect",
				"Z1" : "111.626",
				"Chainage" : "13723.464",
				"ServiceID" : 11,
				"Stage" : 1
			}
		},
		{
			"type" : "Feature",
			"geometry" : {
				"type" : "LineString",
				"coordinates" : [
					[ 150.8433177304, -33.8753242658, 111.27862869 ],
					[ 150.8443789026, -33.8746333734, 112.9932549323 ]
				]
			},
			"properties" : {
				"Scenario" : "All flow from Prospect",
				"Z1" : "111.279",
				"Chainage" : "13848.022",
				"ServiceID" : 11,
				"Stage" : 1
			}
		},
		{
			"type" : "Feature",
			"geometry" : {
				"type" : "LineString",
				"coordinates" : [
					[ 150.8443789026, -33.8746333734, 112.9932549323 ],
					[ 150.8448122033, -33.8737149514, 117.2507044572 ]
				]
			},
			"properties" : {
				"Scenario" : "All flow from Prospect",
				"Z1" : "112.993",
				"Chainage" : "13957.508",
				"ServiceID" : 11,
				"Stage" : 1
			}
		},
		{
			"type" : "Feature",
			"geometry" : {
				"type" : "LineString",
				"coordinates" : [
					[ 150.8448122033, -33.8737149514, 117.2507044572 ],
					[ 150.8452421739, -33.8715216694, 117.4791291125 ]
				]
			},
			"properties" : {
				"Scenario" : "All flow from Prospect",
				"Z1" : "117.251",
				"Chainage" : "14204.04",
				"ServiceID" : 11,
				"Stage" : 1
			}
		},
		{
			"type" : "Feature",
			"geometry" : {
				"type" : "LineString",
				"coordinates" : [
					[ 150.8452421739, -33.8715216694, 117.4791291125 ],
					[ 150.8453562598, -33.8709396951, 115.4614463223 ]
				]
			},
			"properties" : {
				"Scenario" : "All flow from Prospect",
				"Z1" : "117.479",
				"Chainage" : "14269.456",
				"ServiceID" : 11,
				"Stage" : 1
			}
		},
		{
			"type" : "Feature",
			"geometry" : {
				"type" : "LineString",
				"coordinates" : [
					[ 150.8453562598, -33.8709396951, 115.4614463223 ],
					[ 150.8459040043, -33.86816504, 103.211629754 ]
				]
			},
			"properties" : {
				"Scenario" : "All flow from Prospect",
				"Z1" : "115.461",
				"Chainage" : "14581.394",
				"ServiceID" : 11,
				"Stage" : 1
			}
		},
		{
			"type" : "Feature",
			"geometry" : {
				"type" : "LineString",
				"coordinates" : [
					[ 150.8459040043, -33.86816504, 103.211629754 ],
					[ 150.846163446, -33.8669736667, 100.6619065651 ]
				]
			},
			"properties" : {
				"Scenario" : "All flow from Prospect",
				"Z1" : "103.212",
				"Chainage" : "14715.716",
				"ServiceID" : 11,
				"Stage" : 1
			}
		},
		{
			"type" : "Feature",
			"geometry" : {
				"type" : "LineString",
				"coordinates" : [
					[ 150.846163446, -33.8669736667, 100.6619065651 ],
					[ 150.8463658507, -33.8660443488, 96.8795188166 ]
				]
			},
			"properties" : {
				"Scenario" : "All flow from Prospect",
				"Z1" : "100.662",
				"Chainage" : "14820.493",
				"ServiceID" : 11,
				"Stage" : 1
			}
		},
		{
			"type" : "Feature",
			"geometry" : {
				"type" : "LineString",
				"coordinates" : [
					[ 150.8463658507, -33.8660443488, 96.8795188166 ],
					[ 150.8472882028, -33.8650447362, 108.047413943 ]
				]
			},
			"properties" : {
				"Scenario" : "All flow from Prospect",
				"Z1" : "96.88",
				"Chainage" : "14960.425",
				"ServiceID" : 11,
				"Stage" : 1
			}
		},
		{
			"type" : "Feature",
			"geometry" : {
				"type" : "LineString",
				"coordinates" : [
					[ 150.8472882028, -33.8650447362, 108.047413943 ],
					[ 150.8473513892, -33.8647571243, 108.3233798132 ]
				]
			},
			"properties" : {
				"Scenario" : "All flow from Prospect",
				"Z1" : "108.047",
				"Chainage" : "14992.861",
				"ServiceID" : 11,
				"Stage" : 1
			}
		},
		{
			"type" : "Feature",
			"geometry" : {
				"type" : "LineString",
				"coordinates" : [
					[ 150.8473513892, -33.8647571243, 108.3233798132 ],
					[ 150.8474341048, -33.8643805768, 108.8288829186 ]
				]
			},
			"properties" : {
				"Scenario" : "All flow from Prospect",
				"Z1" : "108.323",
				"Chainage" : "15035.327",
				"ServiceID" : 11,
				"Stage" : 1
			}
		},
		{
			"type" : "Feature",
			"geometry" : {
				"type" : "LineString",
				"coordinates" : [
					[ 150.8474341048, -33.8643805768, 108.8288829186 ],
					[ 150.847516911, -33.8640039406, 109.5125001761 ]
				]
			},
			"properties" : {
				"Scenario" : "All flow from Prospect",
				"Z1" : "108.829",
				"Chainage" : "15077.804",
				"ServiceID" : 11,
				"Stage" : 1
			}
		},
		{
			"type" : "Feature",
			"geometry" : {
				"type" : "LineString",
				"coordinates" : [
					[ 150.847516911, -33.8640039406, 109.5125001761 ],
					[ 150.8482772136, -33.8618563607, 112.9839665859 ]
				]
			},
			"properties" : {
				"Scenario" : "All flow from Prospect",
				"Z1" : "109.513",
				"Chainage" : "15326.207",
				"ServiceID" : 11,
				"Stage" : 1
			}
		},
		{
			"type" : "Feature",
			"geometry" : {
				"type" : "LineString",
				"coordinates" : [
					[ 150.8482772136, -33.8618563607, 112.9839665859 ],
					[ 150.8500164564, -33.856943693, 114.517332594 ]
				]
			},
			"properties" : {
				"Scenario" : "All flow from Prospect",
				"Z1" : "112.984",
				"Chainage" : "15894.441",
				"ServiceID" : 11,
				"Stage" : 1
			}
		},
		{
			"type" : "Feature",
			"geometry" : {
				"type" : "LineString",
				"coordinates" : [
					[ 150.8500164564, -33.856943693, 114.517332594 ],
					[ 150.8506395887, -33.8548941795, 106.9135511478 ]
				]
			},
			"properties" : {
				"Scenario" : "All flow from Prospect",
				"Z1" : "114.517",
				"Chainage" : "16128.992",
				"ServiceID" : 11,
				"Stage" : 1
			}
		},
		{
			"type" : "Feature",
			"geometry" : {
				"type" : "LineString",
				"coordinates" : [
					[ 150.8506395887, -33.8548941795, 106.9135511478 ],
					[ 150.8507425511, -33.8545555202, 110.369610644 ]
				]
			},
			"properties" : {
				"Scenario" : "All flow from Prospect",
				"Z1" : "106.914",
				"Chainage" : "16167.749",
				"ServiceID" : 11,
				"Stage" : 1
			}
		},
		{
			"type" : "Feature",
			"geometry" : {
				"type" : "LineString",
				"coordinates" : [
					[ 150.8507425511, -33.8545555202, 110.369610644 ],
					[ 150.8509709939, -33.8535883214, 109.1526895781 ]
				]
			},
			"properties" : {
				"Scenario" : "All flow from Prospect",
				"Z1" : "110.37",
				"Chainage" : "16277.103",
				"ServiceID" : 11,
				"Stage" : 1
			}
		},
		{
			"type" : "Feature",
			"geometry" : {
				"type" : "LineString",
				"coordinates" : [
					[ 150.8509709939, -33.8535883214, 109.1526895781 ],
					[ 150.8513503552, -33.8519820965, 105.0494837194 ]
				]
			},
			"properties" : {
				"Scenario" : "All flow from Prospect",
				"Z1" : "109.153",
				"Chainage" : "16458.707",
				"ServiceID" : 11,
				"Stage" : 1
			}
		},
		{
			"type" : "Feature",
			"geometry" : {
				"type" : "LineString",
				"coordinates" : [
					[ 150.8513503552, -33.8519820965, 105.0494837194 ],
					[ 150.8523390479, -33.8501105348, 99.6475273654 ]
				]
			},
			"properties" : {
				"Scenario" : "All flow from Prospect",
				"Z1" : "105.049",
				"Chainage" : "16685.591",
				"ServiceID" : 11,
				"Stage" : 1
			}
		},
		{
			"type" : "Feature",
			"geometry" : {
				"type" : "LineString",
				"coordinates" : [
					[ 150.8523390479, -33.8501105348, 99.6475273654 ],
					[ 150.853396244, -33.8483911565, 95.9296894063 ]
				]
			},
			"properties" : {
				"Scenario" : "All flow from Prospect",
				"Z1" : "99.648",
				"Chainage" : "16899.955",
				"ServiceID" : 11,
				"Stage" : 1
			}
		},
		{
			"type" : "Feature",
			"geometry" : {
				"type" : "LineString",
				"coordinates" : [
					[ 150.853396244, -33.8483911565, 95.9296894063 ],
					[ 150.853927437, -33.8471331858, 93.2463968747 ]
				]
			},
			"properties" : {
				"Scenario" : "All flow from Prospect",
				"Z1" : "95.93",
				"Chainage" : "17047.909",
				"ServiceID" : 11,
				"Stage" : 1
			}
		},
		{
			"type" : "Feature",
			"geometry" : {
				"type" : "LineString",
				"coordinates" : [
					[ 150.853927437, -33.8471331858, 93.2463968747 ],
					[ 150.8543780102, -33.8460660962, 88.472498963 ]
				]
			},
			"properties" : {
				"Scenario" : "All flow from Prospect",
				"Z1" : "93.246",
				"Chainage" : "17173.412",
				"ServiceID" : 11,
				"Stage" : 1
			}
		},
		{
			"type" : "Feature",
			"geometry" : {
				"type" : "LineString",
				"coordinates" : [
					[ 150.8543780102, -33.8460660962, 88.472498963 ],
					[ 150.8547160016, -33.8441377449, 82.5361175095 ]
				]
			},
			"properties" : {
				"Scenario" : "All flow from Prospect",
				"Z1" : "88.472",
				"Chainage" : "17389.598",
				"ServiceID" : 11,
				"Stage" : 1
			}
		},
		{
			"type" : "Feature",
			"geometry" : {
				"type" : "LineString",
				"coordinates" : [
					[ 150.8547160016, -33.8441377449, 82.5361175095 ],
					[ 150.8552741971, -33.8417817179, 82.8971616269 ]
				]
			},
			"properties" : {
				"Scenario" : "All flow from Prospect",
				"Z1" : "82.536",
				"Chainage" : "17656.008",
				"ServiceID" : 11,
				"Stage" : 1
			}
		},
		{
			"type" : "Feature",
			"geometry" : {
				"type" : "LineString",
				"coordinates" : [
					[ 150.8552741971, -33.8417817179, 82.8971616269 ],
					[ 150.8558497735, -33.8393521738, 77.6532618968 ]
				]
			},
			"properties" : {
				"Scenario" : "All flow from Prospect",
				"Z1" : "82.897",
				"Chainage" : "17930.73",
				"ServiceID" : 11,
				"Stage" : 1
			}
		},
		{
			"type" : "Feature",
			"geometry" : {
				"type" : "LineString",
				"coordinates" : [
					[ 150.8558497735, -33.8393521738, 77.6532618968 ],
					[ 150.8561199955, -33.8372993648, 77.5936669002 ]
				]
			},
			"properties" : {
				"Scenario" : "All flow from Prospect",
				"Z1" : "77.653",
				"Chainage" : "18159.816",
				"ServiceID" : 11,
				"Stage" : 1
			}
		},
		{
			"type" : "Feature",
			"geometry" : {
				"type" : "LineString",
				"coordinates" : [
					[ 150.8561199955, -33.8372993648, 77.5936669002 ],
					[ 150.8568891429, -33.8376137876, 72.9849569024 ]
				]
			},
			"properties" : {
				"Scenario" : "All flow from Prospect",
				"Z1" : "77.594",
				"Chainage" : "18239.099",
				"ServiceID" : 11,
				"Stage" : 1
			}
		},
		{
			"type" : "Feature",
			"geometry" : {
				"type" : "LineString",
				"coordinates" : [
					[ 150.8568891429, -33.8376137876, 72.9849569024 ],
					[ 150.8595955287, -33.8373267261, 68.3020538298 ]
				]
			},
			"properties" : {
				"Scenario" : "All flow from Prospect",
				"Z1" : "72.985",
				"Chainage" : "18491.64",
				"ServiceID" : 11,
				"Stage" : 1
			}
		},
		{
			"type" : "Feature",
			"geometry" : {
				"type" : "LineString",
				"coordinates" : [
					[ 150.8595955287, -33.8373267261, 68.3020538298 ],
					[ 150.8601968169, -33.8371957976, 67.2255205166 ]
				]
			},
			"properties" : {
				"Scenario" : "All flow from Prospect",
				"Z1" : "68.302",
				"Chainage" : "18549.164",
				"ServiceID" : 11,
				"Stage" : 1
			}
		},
		{
			"type" : "Feature",
			"geometry" : {
				"type" : "LineString",
				"coordinates" : [
					[ 150.8601968169, -33.8371957976, 67.2255205166 ],
					[ 150.8615103844, -33.836909761, 65.7547709012 ]
				]
			},
			"properties" : {
				"Scenario" : "All flow from Prospect",
				"Z1" : "67.226",
				"Chainage" : "18674.83",
				"ServiceID" : 11,
				"Stage" : 1
			}
		},
		{
			"type" : "Feature",
			"geometry" : {
				"type" : "LineString",
				"coordinates" : [
					[ 150.8615103844, -33.836909761, 65.7547709012 ],
					[ 150.8632765097, -33.8375882952, 68.9452900662 ]
				]
			},
			"properties" : {
				"Scenario" : "All flow from Prospect",
				"Z1" : "65.755",
				"Chainage" : "18854.812",
				"ServiceID" : 11,
				"Stage" : 1
			}
		},
		{
			"type" : "Feature",
			"geometry" : {
				"type" : "LineString",
				"coordinates" : [
					[ 150.8632765097, -33.8375882952, 68.9452900662 ],
					[ 150.865884774, -33.8385914132, 77.9640315002 ]
				]
			},
			"properties" : {
				"Scenario" : "All flow from Prospect",
				"Z1" : "68.945",
				"Chainage" : "19120.66",
				"ServiceID" : 11,
				"Stage" : 1
			}
		},
		{
			"type" : "Feature",
			"geometry" : {
				"type" : "LineString",
				"coordinates" : [
					[ 150.865884774, -33.8385914132, 77.9640315002 ],
					[ 150.8691427704, -33.8377879412, 80.2129200239 ]
				]
			},
			"properties" : {
				"Scenario" : "All flow from Prospect",
				"Z1" : "77.964",
				"Chainage" : "19435.137",
				"ServiceID" : 11,
				"Stage" : 1
			}
		},
		{
			"type" : "Feature",
			"geometry" : {
				"type" : "LineString",
				"coordinates" : [
					[ 150.8691427704, -33.8377879412, 80.2129200239 ],
					[ 150.8718235512, -33.8387263796, 97.0111278677 ]
				]
			},
			"properties" : {
				"Scenario" : "All flow from Prospect",
				"Z1" : "80.213",
				"Chainage" : "19704.239",
				"ServiceID" : 11,
				"Stage" : 1
			}
		},
		{
			"type" : "Feature",
			"geometry" : {
				"type" : "LineString",
				"coordinates" : [
					[ 150.8718235512, -33.8387263796, 97.0111278677 ],
					[ 150.8718540207, -33.8386582119, 96.9907716458 ]
				]
			},
			"properties" : {
				"Scenario" : "All flow from Prospect",
				"Z1" : "97.011",
				"Chainage" : "19712.31",
				"ServiceID" : 11,
				"Stage" : 1
			}
		},
		{
			"type" : "Feature",
			"geometry" : {
				"type" : "LineString",
				"coordinates" : [
					[ 150.8718540207, -33.8386582119, 96.9907716458 ],
					[ 150.8729593829, -33.8376266923, 96.5765232876 ]
				]
			},
			"properties" : {
				"Scenario" : "All flow from Prospect",
				"Z1" : "96.991",
				"Chainage" : "19865.81",
				"ServiceID" : 11,
				"Stage" : 1
			}
		},
		{
			"type" : "Feature",
			"geometry" : {
				"type" : "LineString",
				"coordinates" : [
					[ 150.8729593829, -33.8376266923, 96.5765232876 ],
					[ 150.8735118616, -33.8371888142, 96.0250451363 ]
				]
			},
			"properties" : {
				"Scenario" : "All flow from Prospect",
				"Z1" : "96.577",
				"Chainage" : "19936.342",
				"ServiceID" : 11,
				"Stage" : 1
			}
		},
		{
			"type" : "Feature",
			"geometry" : {
				"type" : "LineString",
				"coordinates" : [
					[ 150.8735118616, -33.8371888142, 96.0250451363 ],
					[ 150.8739662143, -33.8368418243, 94.3771616754 ]
				]
			},
			"properties" : {
				"Scenario" : "All flow from Prospect",
				"Z1" : "96.025",
				"Chainage" : "19993.355",
				"ServiceID" : 11,
				"Stage" : 1
			}
		},
		{
			"type" : "Feature",
			"geometry" : {
				"type" : "LineString",
				"coordinates" : [
					[ 150.8739662143, -33.8368418243, 94.3771616754 ],
					[ 150.8739623085, -33.8359536867, 88.085826824 ]
				]
			},
			"properties" : {
				"Scenario" : "All flow from Prospect",
				"Z1" : "94.377",
				"Chainage" : "20091.875",
				"ServiceID" : 11,
				"Stage" : 1
			}
		},
		{
			"type" : "Feature",
			"geometry" : {
				"type" : "LineString",
				"coordinates" : [
					[ 150.8739623085, -33.8359536867, 88.085826824 ],
					[ 150.8739609215, -33.8356383275, 85.9364604279 ]
				]
			},
			"properties" : {
				"Scenario" : "All flow from Prospect",
				"Z1" : "88.086",
				"Chainage" : "20126.857",
				"ServiceID" : 11,
				"Stage" : 1
			}
		},
		{
			"type" : "Feature",
			"geometry" : {
				"type" : "LineString",
				"coordinates" : [
					[ 150.8739609215, -33.8356383275, 85.9364604279 ],
					[ 150.8735226418, -33.8342867278, 78.3976952257 ]
				]
			},
			"properties" : {
				"Scenario" : "All flow from Prospect",
				"Z1" : "85.936",
				"Chainage" : "20282.18",
				"ServiceID" : 11,
				"Stage" : 1
			}
		},
		{
			"type" : "Feature",
			"geometry" : {
				"type" : "LineString",
				"coordinates" : [
					[ 150.8735226418, -33.8342867278, 78.3976952257 ],
					[ 150.8789020493, -33.834992258, 89.0186565479 ]
				]
			},
			"properties" : {
				"Scenario" : "All flow from Prospect",
				"Z1" : "78.398",
				"Chainage" : "20786.267",
				"ServiceID" : 11,
				"Stage" : 1
			}
		},
		{
			"type" : "Feature",
			"geometry" : {
				"type" : "LineString",
				"coordinates" : [
					[ 150.8789020493, -33.834992258, 89.0186565479 ],
					[ 150.884044806, -33.8328865903, 66.0635407475 ]
				]
			},
			"properties" : {
				"Scenario" : "All flow from Prospect",
				"Z1" : "89.019",
				"Chainage" : "21316.55",
				"ServiceID" : 11,
				"Stage" : 1
			}
		}
	]
}