{
	"type" : "FeatureCollection",
	"name" : "PumpLocations_Point",
	"features" : [
		{
			"type" : "Feature",
			"geometry" : {
				"type" : "Point",
				"coordinates" : [ 150.6769913025, -33.9003136382 ]
			},
			"properties" : {
				"Z" : "53.13",
				"Stage" : "1",
				"EP" : "31.851621582691795",
				"X" : "285267.5",
				"Y" : "6246752.5",
				"PumpID" : 0,
				"EP at Pump" : 3571.071791817137
			}
		},
		{
			"type" : "Feature",
			"geometry" : {
				"type" : "Point",
				"coordinates" : [ 150.7568420231, -33.8632038394 ]
			},
			"properties" : {
				"Z" : "24.52",
				"Stage" : "9",
				"EP" : "47.0943566866849",
				"X" : "292582.5",
				"Y" : "6250497.5",
				"PumpID" : 1,
				"EP at Pump" : 50364.5078745938
			}
		},
		{
			"type" : "Feature",
			"geometry" : {
				"type" : "Point",
				"coordinates" : [ 150.7738683837, -33.8380860493 ]
			},
			"properties" : {
				"Z" : "33.32",
				"Stage" : "4",
				"EP" : "44.59065710572428",
				"X" : "292492.5",
				"Y" : "6254247.5",
				"PumpID" : 2,
				"EP at Pump" : 24113.180571737
			}
		}
	]
}