ResId,OptionUID,Active
1,a1505de3-2f6c-45b8-8df3-9dbc4a5a3e35,true
2,c05f43bd-d7cc-4b46-a94d-71c2b0a1c284,false
3,f4e772c8-3fb1-49a0-845a-55fdc14e81fc,false
4,0f9ef106-2c94-4e67-8700-c16906858b4e,false
5,4215878f-2437-47e1-9e44-92628a5139ad,false
6,5caac007-17c9-4484-b206-388d88f41ee0,false
7,ebe5e9c3-dbfb-4c82-86c9-aedf9798c5ad,false
8,365e2582-6c4c-4a48-a679-d76002684033,true
9,bee8c069-4090-4c23-88cd-dd8a23f390ba,false
10,9144103c-4e7f-45cd-b129-2ea38cfcdb6d,false
11,bcb05632-323d-40d7-a601-62da89feb2f0,false
12,89df99a8-a1a7-4a88-b9bf-352a3d1029bc,false
13,fe78e810-e937-4f17-a0bc-b9a40de65f6e,false
14,d2fbc2c4-f999-4dba-a07c-95bc5a120abc,false
15,3d7e2138-b50c-42d0-8124-c2f671f6005c,false
