ResId,OptionUID,Active
1,6fc581e0-7b58-4ec6-be61-0e8b10afc10e,false
2,967043e5-d93d-492b-9477-50634b7b1069,false
3,2518165d-0986-4916-81bf-668d560d3a57,false
4,d3aa39f1-97c0-4209-bc33-4e2d756d888f,false
5,8baaeb71-4de5-4215-9316-093ca65a7e99,false
6,2d26c83e-b962-4fe4-8f8f-be119d410bbe,false
7,3bd59527-4670-4927-b7c5-8102c7b2a245,false
8,114d0d87-81b0-4f65-a934-9f926dec48f8,false
9,67746d0a-8b5b-44e9-969d-87913f0e2639,false
10,93e82899-2dec-403c-98f0-3ea359e1f5db,false
11,36c6067d-70f8-42a7-a099-32ca38123508,true
12,578d0874-d6d6-4f27-8285-9c363812b219,false
13,2100e36d-6766-4553-9a8c-4eae9d869486,false
14,64a37036-0dbd-4f7f-8bed-fb7ecb539d4f,false
15,555f02ce-3fc9-4ea2-b557-4710cadaca4f,false
16,2a6d268d-e17a-42a8-8684-24174f23eb99,false
17,e2b6d673-7ab9-4783-8217-13a8ea4e17c3,false
18,6156aa36-c9c9-4618-81a8-c76b28e71373,false
19,9629b151-e75c-43ae-ab4d-ee50f30aaabf,false
