{
	"type" : "FeatureCollection",
	"name" : "RW_Booster_Reduction",
	"features" : [
		{
			"type" : "Feature",
			"geometry" : {
				"type" : "Point",
				"coordinates" : [ 150.69816308, -33.9372722501 ]
			},
			"properties" : {
				"ServiceArea" : 1,
				"PressureZone" : "Boost",
				"PressureZoneID" : 1,
				"Stage" : "1",
				"Pump Z" : "103.033",
				"Power Kwh" : "0.1",
				"ConnectionType" : "Boost Trunk",
				"Pump kW" : 0.1,
				"Est Cost With scope contingency" : 5.8203029992,
				"Pump Cost" : "5820303"
			}
		},
		{
			"type" : "Feature",
			"geometry" : {
				"type" : "Point",
				"coordinates" : [ 150.8053987622, -33.8684514431 ]
			},
			"properties" : {
				"ServiceArea" : 8,
				"PressureZone" : "Boost",
				"PressureZoneID" : 4,
				"Stage" : "16",
				"Pump Z" : "56.825",
				"Power Kwh" : "0.1",
				"ConnectionType" : "Boost Trunk",
				"Pump kW" : 0.1,
				"Est Cost With scope contingency" : 5.8203029992,
				"Pump Cost" : "5820303"
			}
		},
		{
			"type" : "Feature",
			"geometry" : {
				"type" : "Point",
				"coordinates" : [ 150.726057797, -33.9011845119 ]
			},
			"properties" : {
				"ServiceArea" : 8,
				"PressureZone" : "Boost",
				"PressureZoneID" : 3,
				"Stage" : "14",
				"Pump Z" : "60.609",
				"Power Kwh" : "6.3",
				"ConnectionType" : "Boost Trunk",
				"Pump kW" : 6.3,
				"Est Cost With scope contingency" : 5.8715749,
				"Pump Cost" : "5871574.9"
			}
		},
		{
			"type" : "Feature",
			"geometry" : {
				"type" : "Point",
				"coordinates" : [ 150.6877707209, -33.9395568877 ]
			},
			"properties" : {
				"ServiceArea" : 1,
				"PressureZone" : "Boost",
				"PressureZoneID" : 0,
				"Stage" : "1",
				"Pump Z" : "97.006",
				"Power Kwh" : "0.1",
				"ConnectionType" : "Boost Trunk",
				"Pump kW" : 0.1,
				"Est Cost With scope contingency" : 5.8203029992,
				"Pump Cost" : "5820303"
			}
		},
		{
			"type" : "Feature",
			"geometry" : {
				"type" : "Point",
				"coordinates" : [ 150.7113242215, -33.8556945096 ]
			},
			"properties" : {
				"ServiceArea" : 8,
				"PressureZone" : "Boost",
				"PressureZoneID" : 2,
				"Stage" : "4",
				"Pump Z" : "83.064",
				"Power Kwh" : "0.3",
				"ConnectionType" : "Boost Trunk",
				"Pump kW" : 0.3,
				"Est Cost With scope contingency" : 5.8203029992,
				"Pump Cost" : "5820303"
			}
		}
	]
}