{
	"type" : "FeatureCollection",
	"name" : "RW_Resevoir",
	"features" : [
		{
			"type" : "Feature",
			"geometry" : {
				"type" : "Point",
				"coordinates" : [ 150.7139491094, -33.8524973413 ]
			},
			"properties" : {
				"Z" : "96.49",
				"ServiceID" : "8",
				"Cost" : "10500000",
				"Capacity" : "11.25",
				"Stage" : "1"
			}
		},
		{
			"type" : "Feature",
			"geometry" : {
				"type" : "Point",
				"coordinates" : [ 150.7045022056, -33.9388783411 ]
			},
			"properties" : {
				"Z" : "120.753",
				"ServiceID" : "1",
				"Cost" : "7100000",
				"Capacity" : "4.01",
				"Stage" : "1"
			}
		}
	]
}