{
	"type" : "FeatureCollection",
	"name" : "RW_Treatment",
	"features" : [
		{
			"type" : "Feature",
			"geometry" : {
				"type" : "Point",
				"coordinates" : [ 151.1958912581, -33.5516963382 ]
			},
			"properties" : {
				"name" : "BROOKLYN",
				"Capacity (ML/D)" : null,
				"Type" : "",
				"Plant type" : "WWTP",
				"UAN" : "ST0074"
			}
		},
		{
			"type" : "Feature",
			"geometry" : {
				"type" : "Point",
				"coordinates" : [ 151.299536086, -33.6920044841 ]
			},
			"properties" : {
				"name" : "WARRIEWOOD",
				"Capacity (ML/D)" : null,
				"Type" : "",
				"Plant type" : "WWTP",
				"UAN" : "ST0026"
			}
		},
		{
			"type" : "Feature",
			"geometry" : {
				"type" : "Point",
				"coordinates" : [ 151.1039676635, -33.6686548548 ]
			},
			"properties" : {
				"name" : "HORNSBY HEIGHTS",
				"Capacity (ML/D)" : null,
				"Type" : "",
				"Plant type" : "WWTP",
				"UAN" : "ST0040"
			}
		},
		{
			"type" : "Feature",
			"geometry" : {
				"type" : "Point",
				"coordinates" : [ 151.0815981534, -33.70073935 ]
			},
			"properties" : {
				"name" : "WEST HORNSBY",
				"Capacity (ML/D)" : null,
				"Type" : "",
				"Plant type" : "WWTP",
				"UAN" : "ST0021"
			}
		},
		{
			"type" : "Feature",
			"geometry" : {
				"type" : "Point",
				"coordinates" : [ 150.9846747904, -33.7119488547 ]
			},
			"properties" : {
				"name" : "CASTLE HILL",
				"Capacity (ML/D)" : null,
				"Type" : "",
				"Plant type" : "Water recycling plant",
				"UAN" : "ST0024"
			}
		},
		{
			"type" : "Feature",
			"geometry" : {
				"type" : "Point",
				"coordinates" : [ 150.7159075322, -33.5752916691 ]
			},
			"properties" : {
				"name" : "NORTH RICHMOND",
				"Capacity (ML/D)" : null,
				"Type" : "",
				"Plant type" : "WWTP",
				"UAN" : "ST0033"
			}
		},
		{
			"type" : "Feature",
			"geometry" : {
				"type" : "Point",
				"coordinates" : [ 150.9236428202, -33.6693136966 ]
			},
			"properties" : {
				"name" : "ROUSE HILL",
				"Capacity (ML/D)" : null,
				"Type" : "",
				"Plant type" : "Water recycling plant",
				"UAN" : "ST0031"
			}
		},
		{
			"type" : "Feature",
			"geometry" : {
				"type" : "Point",
				"coordinates" : [ 150.8474932025, -33.6543731959 ]
			},
			"properties" : {
				"name" : "RIVERSTONE",
				"Capacity (ML/D)" : null,
				"Type" : "",
				"Plant type" : "WWTP",
				"UAN" : "ST0042"
			}
		},
		{
			"type" : "Feature",
			"geometry" : {
				"type" : "Point",
				"coordinates" : [ 150.7658580837, -33.6070489737 ]
			},
			"properties" : {
				"name" : "RICHMOND",
				"Capacity (ML/D)" : null,
				"Type" : "",
				"Plant type" : "Water recycling plant",
				"UAN" : "ST0012"
			}
		},
		{
			"type" : "Feature",
			"geometry" : {
				"type" : "Point",
				"coordinates" : [ 150.6232219333, -33.6763930094 ]
			},
			"properties" : {
				"name" : "WINMALEE",
				"Capacity (ML/D)" : "16",
				"Type" : "ADWF",
				"Plant type" : "WWTP",
				"UAN" : "ST0064"
			}
		},
		{
			"type" : "Feature",
			"geometry" : {
				"type" : "Point",
				"coordinates" : [ 150.6157505681, -33.8719952538 ]
			},
			"properties" : {
				"name" : "WALLACIA",
				"Capacity (ML/D)" : "1.35",
				"Type" : "ADWF",
				"Plant type" : "WWTP",
				"UAN" : "ST0073"
			}
		},
		{
			"type" : "Feature",
			"geometry" : {
				"type" : "Point",
				"coordinates" : [ 150.6152523601, -34.2025881371 ]
			},
			"properties" : {
				"name" : "PICTON",
				"Capacity (ML/D)" : null,
				"Type" : "",
				"Plant type" : "Water recycling plant",
				"UAN" : "ST0072"
			}
		},
		{
			"type" : "Feature",
			"geometry" : {
				"type" : "Point",
				"coordinates" : [ 150.6982217856, -33.7392587435 ]
			},
			"properties" : {
				"name" : "PENRITH",
				"Capacity (ML/D)" : "41",
				"Type" : "ADWF",
				"Plant type" : "Water recycling plant",
				"UAN" : "ST0046"
			}
		},
		{
			"type" : "Feature",
			"geometry" : {
				"type" : "Point",
				"coordinates" : [ 150.7702704558, -33.7359225529 ]
			},
			"properties" : {
				"name" : "ST MARYS",
				"Capacity (ML/D)" : "38",
				"Type" : "ADWF",
				"Plant type" : "Water recycling plant",
				"UAN" : "ST0011"
			}
		},
		{
			"type" : "Feature",
			"geometry" : {
				"type" : "Point",
				"coordinates" : [ 150.8780260255, -33.7347749356 ]
			},
			"properties" : {
				"name" : "QUAKERS HILL",
				"Capacity (ML/D)" : "32",
				"Type" : "ADWF",
				"Plant type" : "Water recycling plant",
				"UAN" : "ST0018"
			}
		},
		{
			"type" : "Feature",
			"geometry" : {
				"type" : "Point",
				"coordinates" : [ 150.9517397152, -33.8808330533 ]
			},
			"properties" : {
				"name" : "FAIRFIELD STORM PLANT",
				"Capacity (ML/D)" : "572.832",
				"Type" : "ADWF",
				"Plant type" : "Stormwater only ",
				"UAN" : "ST0008"
			}
		},
		{
			"type" : "Feature",
			"geometry" : {
				"type" : "Point",
				"coordinates" : [ 150.9398323661, -33.9223068076 ]
			},
			"properties" : {
				"name" : "LIVERPOOL",
				"Capacity (ML/D)" : "24",
				"Type" : "ADWF",
				"Plant type" : "Water recycling plant",
				"UAN" : "ST0009"
			}
		},
		{
			"type" : "Feature",
			"geometry" : {
				"type" : "Point",
				"coordinates" : [ 150.9078593515, -33.9816674647 ]
			},
			"properties" : {
				"name" : "GLENFIELD",
				"Capacity (ML/D)" : "46",
				"Type" : "ADWF",
				"Plant type" : "Water recycling plant",
				"UAN" : "ST0023"
			}
		},
		{
			"type" : "Feature",
			"geometry" : {
				"type" : "Point",
				"coordinates" : [ 151.3028164464, -33.8084328374 ]
			},
			"properties" : {
				"name" : "NORTH HEAD",
				"Capacity (ML/D)" : null,
				"Type" : "",
				"Plant type" : "WWTP",
				"UAN" : "ST0020"
			}
		},
		{
			"type" : "Feature",
			"geometry" : {
				"type" : "Point",
				"coordinates" : [ 151.2838223835, -33.8845970379 ]
			},
			"properties" : {
				"name" : "BONDI",
				"Capacity (ML/D)" : null,
				"Type" : "",
				"Plant type" : "WWTP",
				"UAN" : "ST0001"
			}
		},
		{
			"type" : "Feature",
			"geometry" : {
				"type" : "Point",
				"coordinates" : [ 151.2540063496, -33.9623953649 ]
			},
			"properties" : {
				"name" : "MALABAR",
				"Capacity (ML/D)" : null,
				"Type" : "",
				"Plant type" : "WWTP",
				"UAN" : "ST0002"
			}
		},
		{
			"type" : "Feature",
			"geometry" : {
				"type" : "Point",
				"coordinates" : [ 151.1638739178, -34.0307752537 ]
			},
			"properties" : {
				"name" : "CRONULLA",
				"Capacity (ML/D)" : null,
				"Type" : "",
				"Plant type" : "WWTP",
				"UAN" : "ST0010"
			}
		},
		{
			"type" : "Feature",
			"geometry" : {
				"type" : "Point",
				"coordinates" : [ 150.6784275205, -34.0585151382 ]
			},
			"properties" : {
				"name" : "WEST CAMDEN",
				"Capacity (ML/D)" : "23",
				"Type" : "ADWF",
				"Plant type" : "Water recycling plant",
				"UAN" : "ST0028"
			}
		},
		{
			"type" : "Feature",
			"geometry" : {
				"type" : "Point",
				"coordinates" : [ 150.9274812891, -34.3700352431 ]
			},
			"properties" : {
				"name" : "BELLAMBI",
				"Capacity (ML/D)" : null,
				"Type" : "",
				"Plant type" : "WWTP",
				"UAN" : "ST0016"
			}
		},
		{
			"type" : "Feature",
			"geometry" : {
				"type" : "Point",
				"coordinates" : [ 150.8984444633, -34.4420445429 ]
			},
			"properties" : {
				"name" : "WOLLONGONG",
				"Capacity (ML/D)" : null,
				"Type" : "",
				"Plant type" : "Water recycling plant",
				"UAN" : "ST0014"
			}
		},
		{
			"type" : "Feature",
			"geometry" : {
				"type" : "Point",
				"coordinates" : [ 150.9199791634, -34.4934580509 ]
			},
			"properties" : {
				"name" : "PORT KEMBLA",
				"Capacity (ML/D)" : null,
				"Type" : "",
				"Plant type" : "WWTP",
				"UAN" : "ST0015"
			}
		},
		{
			"type" : "Feature",
			"geometry" : {
				"type" : "Point",
				"coordinates" : [ 150.8651763487, -34.56911414 ]
			},
			"properties" : {
				"name" : "SHELLHARBOUR",
				"Capacity (ML/D)" : null,
				"Type" : "",
				"Plant type" : "WWTP",
				"UAN" : "ST0027"
			}
		},
		{
			"type" : "Feature",
			"geometry" : {
				"type" : "Point",
				"coordinates" : [ 150.7990889453, -34.7707705602 ]
			},
			"properties" : {
				"name" : "GERRINGONG-GERROA",
				"Capacity (ML/D)" : null,
				"Type" : "",
				"Plant type" : "Water recycling plant",
				"UAN" : "ST0047"
			}
		},
		{
			"type" : "Feature",
			"geometry" : {
				"type" : "Point",
				"coordinates" : [ 150.8591879736, -34.6518367291 ]
			},
			"properties" : {
				"name" : "BOMBO",
				"Capacity (ML/D)" : null,
				"Type" : "",
				"Plant type" : "Water recycling plant",
				"UAN" : "ST0022"
			}
		}
	]
}