{
	"type" : "FeatureCollection",
	"name" : "SW_Connection_to_waterways",
	"features" : [
		{
			"type" : "Feature",
			"geometry" : {
				"type" : "LineString",
				"coordinates" : [
					[ 150.726196432, -33.9014620238 ],
					[ 150.726196432, -33.9014620238 ]
				]
			},
			"properties" : {
				"Stage" : 14,
				"_uuid" : "b68a5dfd-fadb-49d9-8b9f-deda994ebdfe",
				"_network_id" : "1",
				"C_x" : "289756.00294165185",
				"C_y" : "6246442.005256124",
				"C_z" : "60.609",
				"_count" : 0,
				"_distance" : "1.1641532182693481e-10",
				"_angle" : "0",
				"_candidate_angle" : "203.88355696363394",
				"_candidate_label_angle" : "23.883556963633936",
				"_closest_candidate_x" : "289756.00294165197",
				"_closest_candidate_y" : "6246442.005256124",
				"_closest_base_x" : "289756.00294165185",
				"_closest_base_y" : "6246442.005256124"
			}
		},
		{
			"type" : "Feature",
			"geometry" : {
				"type" : "LineString",
				"coordinates" : [
					[ 150.7386503723, -33.833748104 ],
					[ 150.7461388721, -33.8440270989 ]
				]
			},
			"properties" : {
				"Stage" : 5,
				"_uuid" : "55d115a6-8775-4fed-8431-042c7f6ebaeb",
				"_network_id" : "3",
				"C_x" : "290742.5",
				"C_y" : "6253977.5",
				"C_z" : "46.964",
				"_count" : 0,
				"_distance" : "1334.480095007405",
				"_angle" : "302.5543360742886",
				"_candidate_angle" : "357.8696809115976",
				"_candidate_label_angle" : "357.8696809115976",
				"_closest_candidate_x" : "291460.58265996375",
				"_closest_candidate_y" : "6252852.69138631",
				"_closest_base_x" : "290742.5",
				"_closest_base_y" : "6253977.5"
			}
		},
		{
			"type" : "Feature",
			"geometry" : {
				"type" : "LineString",
				"coordinates" : [
					[ 150.7585808097, -33.9020964339 ],
					[ 150.7626434401, -33.9022830005 ]
				]
			},
			"properties" : {
				"Stage" : 14,
				"_uuid" : "21f64c43-2f6f-4d50-bc5a-5c0920bfdec7",
				"_network_id" : "4",
				"C_x" : "292752.5",
				"C_y" : "6246437.5",
				"C_z" : "51.978",
				"_count" : 0,
				"_distance" : "376.37266929753457",
				"_angle" : "358.0972369074527",
				"_candidate_angle" : "295.09453472124807",
				"_candidate_label_angle" : "295.09453472124807",
				"_closest_candidate_x" : "293128.66514338035",
				"_closest_candidate_y" : "6246425.003156407",
				"_closest_base_x" : "292752.5",
				"_closest_base_y" : "6246437.5"
			}
		},
		{
			"type" : "Feature",
			"geometry" : {
				"type" : "LineString",
				"coordinates" : [
					[ 150.7490019579, -33.842773767 ],
					[ 150.7491271717, -33.843213581 ]
				]
			},
			"properties" : {
				"Stage" : 4,
				"_uuid" : "417235f3-4129-4552-9d2f-a686c028ddb6",
				"_network_id" : "6",
				"C_x" : "291722.5",
				"C_y" : "6252997.5",
				"C_z" : "37.358",
				"_count" : 0,
				"_distance" : "50.148388608306504",
				"_angle" : "284.61748182848453",
				"_candidate_angle" : "14.61748182855307",
				"_candidate_label_angle" : "14.61748182855307",
				"_closest_candidate_x" : "291735.1556785102",
				"_closest_candidate_y" : "6252948.974803643",
				"_closest_base_x" : "291722.5",
				"_closest_base_y" : "6252997.5"
			}
		},
		{
			"type" : "Feature",
			"geometry" : {
				"type" : "LineString",
				"coordinates" : [
					[ 150.7242813809, -33.8645943373 ],
					[ 150.7242813809, -33.8645943373 ]
				]
			},
			"properties" : {
				"Stage" : 3,
				"_uuid" : "95bda3c4-28ce-46c7-bed9-b3df2583f93d",
				"_network_id" : "7",
				"C_x" : "289488.304142225",
				"C_y" : "6250527.049178133",
				"C_z" : "50.795",
				"_count" : 0,
				"_distance" : "1.7462298274040222e-10",
				"_angle" : "180",
				"_candidate_angle" : "43.92017446212297",
				"_candidate_label_angle" : "43.92017446212297",
				"_closest_candidate_x" : "289488.30414222484",
				"_closest_candidate_y" : "6250527.049178133",
				"_closest_base_x" : "289488.304142225",
				"_closest_base_y" : "6250527.049178133"
			}
		},
		{
			"type" : "Feature",
			"geometry" : {
				"type" : "LineString",
				"coordinates" : [
					[ 150.7568420231, -33.8632038394 ],
					[ 150.7537151156, -33.8633300409 ]
				]
			},
			"properties" : {
				"Stage" : 9,
				"_uuid" : "bc4ca26b-02d4-4025-ba99-25b954b956ab",
				"_network_id" : "8",
				"C_x" : "292497.5",
				"C_y" : "6250747.5",
				"C_z" : "24.521",
				"_count" : 0,
				"_distance" : "289.7172438028268",
				"_angle" : "184.02103585664975",
				"_candidate_angle" : "274.02103585659285",
				"_candidate_label_angle" : "274.02103585659285",
				"_closest_candidate_x" : "292208.49593219283",
				"_closest_candidate_y" : "6250727.184238936",
				"_closest_base_x" : "292497.5",
				"_closest_base_y" : "6250747.5"
			}
		},
		{
			"type" : "Feature",
			"geometry" : {
				"type" : "LineString",
				"coordinates" : [
					[ 150.7505920976, -33.897487619, 45.947 ],
					[ 150.747627594, -33.8943231711, 45.947 ]
				]
			},
			"properties" : {
				"Stage" : 9,
				"_uuid" : "357858ba-3fd6-4377-b351-4288bae156e8",
				"_network_id" : "9",
				"C_x" : "292002.5",
				"C_y" : "6246932.5",
				"C_z" : "45.947",
				"_count" : 0,
				"_distance" : "445.47289726341774",
				"_angle" : "129.25327757776364",
				"_candidate_angle" : "210.9342845093168",
				"_candidate_label_angle" : "30.934284509316797",
				"_closest_candidate_x" : "291720.6271907345",
				"_closest_candidate_y" : "6247277.454810943",
				"_closest_base_x" : "292002.5",
				"_closest_base_y" : "6246932.5"
			}
		},
		{
			"type" : "Feature",
			"geometry" : {
				"type" : "LineString",
				"coordinates" : [
					[ 150.6861122959, -33.9228907735 ],
					[ 150.6853170956, -33.9216119004 ]
				]
			},
			"properties" : {
				"Stage" : 1,
				"_uuid" : "6efebed7-d23d-40dd-bb24-86e7ec1724b4",
				"_network_id" : "10",
				"C_x" : "286102.5",
				"C_y" : "6243982.5",
				"C_z" : "68.447",
				"_count" : 0,
				"_distance" : "159.80535787713652",
				"_angle" : "118.6924061796694",
				"_candidate_angle" : "181.30280485287966",
				"_candidate_label_angle" : "1.3028048528796603",
				"_closest_candidate_x" : "286025.77629089094",
				"_closest_candidate_y" : "6244122.682826576",
				"_closest_base_x" : "286102.5",
				"_closest_base_y" : "6243982.5"
			}
		},
		{
			"type" : "Feature",
			"geometry" : {
				"type" : "LineString",
				"coordinates" : [
					[ 150.7876763215, -33.9268770069 ],
					[ 150.7874166961, -33.9283514936 ]
				]
			},
			"properties" : {
				"Stage" : 16,
				"_uuid" : "0ba2a246-1367-447e-b168-c7e9c2248dad",
				"_network_id" : "11",
				"C_x" : "295502.5",
				"C_y" : "6243747.5",
				"C_z" : "62.827",
				"_count" : 0,
				"_distance" : "165.32313351380856",
				"_angle" : "262.88517167037145",
				"_candidate_angle" : "172.8851716703656",
				"_candidate_label_angle" : "352.8851716703656",
				"_closest_candidate_x" : "295482.0233591782",
				"_closest_candidate_y" : "6243583.449868469",
				"_closest_base_x" : "295502.5",
				"_closest_base_y" : "6243747.5"
			}
		},
		{
			"type" : "Feature",
			"geometry" : {
				"type" : "LineString",
				"coordinates" : [
					[ 150.7973202477, -33.8729490253 ],
					[ 150.7973202477, -33.8729490253 ]
				]
			},
			"properties" : {
				"Stage" : 16,
				"_uuid" : "54f41ea2-73d1-4a48-bb5e-f35a1cb3e8cc",
				"_network_id" : "12",
				"C_x" : "296265.8012809875",
				"C_y" : "6249747.695830626",
				"C_z" : "41.188",
				"_count" : 0,
				"_distance" : "1.1641532182693481e-10",
				"_angle" : "0",
				"_candidate_angle" : "299.12262634053656",
				"_candidate_label_angle" : "299.12262634053656",
				"_closest_candidate_x" : "296265.8012809876",
				"_closest_candidate_y" : "6249747.695830626",
				"_closest_base_x" : "296265.8012809875",
				"_closest_base_y" : "6249747.695830626"
			}
		},
		{
			"type" : "Feature",
			"geometry" : {
				"type" : "LineString",
				"coordinates" : [
					[ 150.7669559094, -33.8919247604 ],
					[ 150.7677551895, -33.888970951 ]
				]
			},
			"properties" : {
				"Stage" : 16,
				"_uuid" : "0ded0f0e-4c58-4e19-b6ac-a5b155a871a8",
				"_network_id" : "13",
				"C_x" : "293502.5",
				"C_y" : "6247582.5",
				"C_z" : "45.166",
				"_count" : 0,
				"_distance" : "335.9186600759595",
				"_angle" : "78.52879938735455",
				"_candidate_angle" : "16.294388732187894",
				"_candidate_label_angle" : "16.294388732187894",
				"_closest_candidate_x" : "293569.3059430593",
				"_closest_candidate_y" : "6247911.708614953",
				"_closest_base_x" : "293502.5",
				"_closest_base_y" : "6247582.5"
			}
		},
		{
			"type" : "Feature",
			"geometry" : {
				"type" : "LineString",
				"coordinates" : [
					[ 150.706771092, -33.918814336 ],
					[ 150.7020744624, -33.9143260559 ]
				]
			},
			"properties" : {
				"Stage" : 1,
				"_uuid" : "0f54dcaa-4613-4d9b-bd7b-a2348ccdb5ee",
				"_network_id" : "14",
				"C_x" : "288002.5",
				"C_y" : "6244477.5",
				"C_z" : "80.432",
				"_count" : 0,
				"_distance" : "660.771325598785",
				"_angle" : "132.38293676288788",
				"_candidate_angle" : "222.38293676288248",
				"_candidate_label_angle" : "42.38293676288248",
				"_closest_candidate_x" : "287557.0856535201",
				"_closest_candidate_y" : "6244965.582784662",
				"_closest_base_x" : "288002.5",
				"_closest_base_y" : "6244477.5"
			}
		},
		{
			"type" : "Feature",
			"geometry" : {
				"type" : "LineString",
				"coordinates" : [
					[ 150.7369768426, -33.8985773023, 55.221 ],
					[ 150.7369768426, -33.8985773023, 55.221 ]
				]
			},
			"properties" : {
				"Stage" : 14,
				"_uuid" : "d3656196-4e52-4b64-af06-44c30c75d76c",
				"_network_id" : "15",
				"C_x" : "290745.9441861691",
				"C_y" : "6246783.975177217",
				"C_z" : "55.221",
				"_count" : 0,
				"_distance" : "5.820766091346741e-11",
				"_angle" : "180",
				"_candidate_angle" : "156.1839209552339",
				"_candidate_label_angle" : "336.18392095523393",
				"_closest_candidate_x" : "290745.944186169",
				"_closest_candidate_y" : "6246783.975177217",
				"_closest_base_x" : "290745.9441861691",
				"_closest_base_y" : "6246783.975177217"
			}
		},
		{
			"type" : "Feature",
			"geometry" : {
				"type" : "LineString",
				"coordinates" : [
					[ 150.6890011838, -33.8619498918 ],
					[ 150.6739247189, -33.8675639832 ]
				]
			},
			"properties" : {
				"Stage" : 1,
				"_uuid" : "fd68a1d2-15df-4b03-8e16-73b1c2e4b66e",
				"_network_id" : "16",
				"C_x" : "286217.5",
				"C_y" : "6250747.5",
				"C_z" : "82.472",
				"_count" : 0,
				"_distance" : "1527.968815608553",
				"_angle" : "205.34738842213375",
				"_candidate_angle" : "317.2223335737962",
				"_candidate_label_angle" : "317.2223335737962",
				"_closest_candidate_x" : "284836.63060696376",
				"_closest_candidate_y" : "6250093.368193062",
				"_closest_base_x" : "286217.5",
				"_closest_base_y" : "6250747.5"
			}
		},
		{
			"type" : "Feature",
			"geometry" : {
				"type" : "LineString",
				"coordinates" : [
					[ 150.7599257732, -33.8520050096 ],
					[ 150.7599257732, -33.8520050096 ]
				]
			},
			"properties" : {
				"Stage" : 6,
				"_uuid" : "55e5becb-cc7f-4ede-8a24-f75d39084c10",
				"_network_id" : "17",
				"C_x" : "292755.7487717119",
				"C_y" : "6251995.761159085",
				"C_z" : "34.746",
				"_count" : 0,
				"_distance" : "5.820766091346741e-11",
				"_angle" : "180",
				"_candidate_angle" : "208.23560563881273",
				"_candidate_label_angle" : "28.23560563881273",
				"_closest_candidate_x" : "292755.74877171183",
				"_closest_candidate_y" : "6251995.761159085",
				"_closest_base_x" : "292755.7487717119",
				"_closest_base_y" : "6251995.761159085"
			}
		},
		{
			"type" : "Feature",
			"geometry" : {
				"type" : "LineString",
				"coordinates" : [
					[ 150.7676736073, -33.9017206367 ],
					[ 150.7661478812, -33.899793133 ]
				]
			},
			"properties" : {
				"Stage" : 16,
				"_uuid" : "9f4775fc-6941-4c0e-865b-08246916c3c6",
				"_network_id" : "19",
				"C_x" : "293592.5",
				"C_y" : "6246497.5",
				"C_z" : "46.51",
				"_count" : 0,
				"_distance" : "256.2050654256556",
				"_angle" : "124.67257771585999",
				"_candidate_angle" : "214.67257771586273",
				"_candidate_label_angle" : "34.67257771586273",
				"_closest_candidate_x" : "293446.74853217375",
				"_closest_candidate_y" : "6246708.207249938",
				"_closest_base_x" : "293592.5",
				"_closest_base_y" : "6246497.5"
			}
		},
		{
			"type" : "Feature",
			"geometry" : {
				"type" : "LineString",
				"coordinates" : [
					[ 150.756609299, -33.9360523985 ],
					[ 150.7542440531, -33.9341151526 ]
				]
			},
			"properties" : {
				"Stage" : 16,
				"_uuid" : "b30d568b-74ed-4731-bd54-4e70a8dd65cb",
				"_network_id" : "20",
				"C_x" : "292652.5",
				"C_y" : "6242667.5",
				"C_z" : "55.519",
				"_count" : 0,
				"_distance" : "306.62536069199643",
				"_angle" : "136.75527603741023",
				"_candidate_angle" : "206.7384133760329",
				"_candidate_label_angle" : "26.738413376032895",
				"_closest_candidate_x" : "292429.1436432018",
				"_closest_candidate_y" : "6242877.573914843",
				"_closest_base_x" : "292652.5",
				"_closest_base_y" : "6242667.5"
			}
		},
		{
			"type" : "Feature",
			"geometry" : {
				"type" : "LineString",
				"coordinates" : [
					[ 150.6837942817, -33.8686594141 ],
					[ 150.6739247189, -33.8675639832 ]
				]
			},
			"properties" : {
				"Stage" : 1,
				"_uuid" : "e5bd8e0c-65f8-4ffe-bc38-f3b25825a362",
				"_network_id" : "21",
				"C_x" : "285752.5",
				"C_y" : "6249992.5",
				"C_z" : "79.544",
				"_count" : 0,
				"_distance" : "921.4071507602702",
				"_angle" : "173.71512607697795",
				"_candidate_angle" : "317.2223335737962",
				"_candidate_label_angle" : "317.2223335737962",
				"_closest_candidate_x" : "284836.63060696376",
				"_closest_candidate_y" : "6250093.368193062",
				"_closest_base_x" : "285752.5",
				"_closest_base_y" : "6249992.5"
			}
		},
		{
			"type" : "Feature",
			"geometry" : {
				"type" : "LineString",
				"coordinates" : [
					[ 150.7962950608, -33.9079538473 ],
					[ 150.7962950608, -33.9079538473 ]
				]
			},
			"properties" : {
				"Stage" : 16,
				"_uuid" : "3ade7408-0ba3-4ece-a81c-cf935d836205",
				"_network_id" : "22",
				"C_x" : "296254.2635044522",
				"C_y" : "6245863.371860574",
				"C_z" : "52.195",
				"_count" : 0,
				"_distance" : "5.820766091346741e-11",
				"_angle" : "180",
				"_candidate_angle" : "261.2315096428648",
				"_candidate_label_angle" : "81.23150964286481",
				"_closest_candidate_x" : "296254.26350445213",
				"_closest_candidate_y" : "6245863.371860574",
				"_closest_base_x" : "296254.2635044522",
				"_closest_base_y" : "6245863.371860574"
			}
		},
		{
			"type" : "Feature",
			"geometry" : {
				"type" : "LineString",
				"coordinates" : [
					[ 150.7738683837, -33.8380860493 ],
					[ 150.7691863806, -33.8375628469 ]
				]
			},
			"properties" : {
				"Stage" : 16,
				"_uuid" : "c196972c-80c5-4f98-8d7d-cd98fcdf1429",
				"_network_id" : "23",
				"C_x" : "294012.5",
				"C_y" : "6253567.5",
				"C_z" : "33.316",
				"_count" : 0,
				"_distance" : "437.2888702103693",
				"_angle" : "173.61408038033568",
				"_candidate_angle" : "256.31033727774957",
				"_candidate_label_angle" : "76.31033727774957",
				"_closest_candidate_x" : "293577.92438368185",
				"_closest_candidate_y" : "6253616.137328376",
				"_closest_base_x" : "294012.5",
				"_closest_base_y" : "6253567.5"
			}
		},
		{
			"type" : "Feature",
			"geometry" : {
				"type" : "LineString",
				"coordinates" : [
					[ 150.7865306689, -33.8572226251 ],
					[ 150.7865306689, -33.8572226251 ]
				]
			},
			"properties" : {
				"Stage" : 16,
				"_uuid" : "6ccdb243-c873-4643-8055-053dca40edcd",
				"_network_id" : "24",
				"C_x" : "295230.07679621986",
				"C_y" : "6251470.41613697",
				"C_z" : "36.357",
				"_count" : 0,
				"_distance" : "1.7462298274040222e-10",
				"_angle" : "0",
				"_candidate_angle" : "321.72810181724765",
				"_candidate_label_angle" : "321.72810181724765",
				"_closest_candidate_x" : "295230.07679622003",
				"_closest_candidate_y" : "6251470.41613697",
				"_closest_base_x" : "295230.07679621986",
				"_closest_base_y" : "6251470.41613697"
			}
		},
		{
			"type" : "Feature",
			"geometry" : {
				"type" : "LineString",
				"coordinates" : [
					[ 150.772632299, -33.8815233524 ],
					[ 150.7686558176, -33.8810580292 ]
				]
			},
			"properties" : {
				"Stage" : 16,
				"_uuid" : "fa806286-26d1-43a6-be16-07ca981fce95",
				"_network_id" : "25",
				"C_x" : "294002.5",
				"C_y" : "6248747.5",
				"C_z" : "41.961",
				"_count" : 0,
				"_distance" : "371.52582404708664",
				"_angle" : "173.2566750118554",
				"_candidate_angle" : "263.25667501188406",
				"_candidate_label_angle" : "83.25667501188406",
				"_closest_candidate_x" : "293633.54433831485",
				"_closest_candidate_y" : "6248791.125195064",
				"_closest_base_x" : "294002.5",
				"_closest_base_y" : "6248747.5"
			}
		},
		{
			"type" : "Feature",
			"geometry" : {
				"type" : "LineString",
				"coordinates" : [
					[ 150.7576126537, -33.8316601105 ],
					[ 150.7605245057, -33.8319199095 ]
				]
			},
			"properties" : {
				"Stage" : 5,
				"_uuid" : "5c4b1445-87ce-4187-a441-3348c90b72e7",
				"_network_id" : "26",
				"C_x" : "292492.5",
				"C_y" : "6254247.5",
				"C_z" : "36.133",
				"_count" : 0,
				"_distance" : "271.111223008808",
				"_angle" : "355.14573777822056",
				"_candidate_angle" : "121.82384344754556",
				"_candidate_label_angle" : "301.8238434475455",
				"_closest_candidate_x" : "292762.63879175973",
				"_closest_candidate_y" : "6254224.558151166",
				"_closest_base_x" : "292492.5",
				"_closest_base_y" : "6254247.5"
			}
		},
		{
			"type" : "Feature",
			"geometry" : {
				"type" : "LineString",
				"coordinates" : [
					[ 150.7735587379, -33.8521011795 ],
					[ 150.7743585109, -33.8513227846 ]
				]
			},
			"properties" : {
				"Stage" : 17,
				"_uuid" : "b310ab33-155c-496d-8784-f105818df551",
				"_network_id" : "27",
				"C_x" : "294017.5",
				"C_y" : "6252012.5",
				"C_z" : "35.67",
				"_count" : 0,
				"_distance" : "113.73601563642264",
				"_angle" : "50.63538243396273",
				"_candidate_angle" : "128.82924060998153",
				"_candidate_label_angle" : "308.8292406099815",
				"_closest_candidate_x" : "294089.63743168337",
				"_closest_candidate_y" : "6252100.432202309",
				"_closest_base_x" : "294017.5",
				"_closest_base_y" : "6252012.5"
			}
		},
		{
			"type" : "Feature",
			"geometry" : {
				"type" : "LineString",
				"coordinates" : [
					[ 150.6999308754, -33.8553921752 ],
					[ 150.6982682511, -33.8736916937 ]
				]
			},
			"properties" : {
				"Stage" : 1,
				"_uuid" : "e30ea38f-75f6-4f8f-9f36-c16ebf9a5b6c",
				"_network_id" : "28",
				"C_x" : "287212.5",
				"C_y" : "6251497.5",
				"C_z" : "79.998",
				"_count" : 0,
				"_distance" : "2035.9260344029117",
				"_angle" : "266.9482462267446",
				"_candidate_angle" : "355.6856321238763",
				"_candidate_label_angle" : "355.6856321238763",
				"_closest_candidate_x" : "287104.1114296202",
				"_closest_candidate_y" : "6249464.461206624",
				"_closest_base_x" : "287212.5",
				"_closest_base_y" : "6251497.5"
			}
		}
	]
}